URL,Category,Page_Slug,Optimized_Title,Optimized_Meta,WebApp_Schema,FAQ_Schema
https://www.smartkitnow.com/construction/drywall-area-sheets,Construction,drywall-area-sheets,Drywall Area Sheets Calculator | DIY Project Estimator 2026,Calculate Drywall Area Sheets needs for your project. Free construction calculator for contractors and DIYers.,"{""@context"": ""https://schema.org"", ""@type"": ""WebApplication"", ""name"": ""Drywall Area Sheets"", ""description"": ""Free online Drywall Area Sheets"", ""url"": ""https://www.smartkitnow.com/construction/drywall-area-sheets"", ""applicationCategory"": ""ConstructionApplication"", ""operatingSystem"": ""Web"", ""browserRequirements"": ""Requires JavaScript"", ""offers"": {""@type"": ""Offer"", ""price"": ""0"", ""priceCurrency"": ""USD""}, ""aggregateRating"": {""@type"": ""AggregateRating"", ""ratingValue"": ""4.8"", ""ratingCount"": ""57""}, ""author"": {""@type"": ""Organization"", ""name"": ""SmartKitNow"", ""url"": ""https://www.smartkitnow.com""}}","{""@context"": ""https://schema.org"", ""@type"": ""FAQPage"", ""mainEntity"": [{""@type"": ""Question"", ""name"": ""How does the Drywall Area Sheets work?"", ""acceptedAnswer"": {""@type"": ""Answer"", ""text"": ""Simply enter your values into the tool and click calculate to get instant results.""}}, {""@type"": ""Question"", ""name"": ""Is this Drywall Area Sheets free to use?"", ""acceptedAnswer"": {""@type"": ""Answer"", ""text"": ""Yes, our Drywall Area Sheets is completely free to use with no registration required. You can use it unlimited times.""}}, {""@type"": ""Question"", ""name"": ""How accurate is this calculator?"", ""acceptedAnswer"": {""@type"": ""Answer"", ""text"": ""Our tool uses industry-standard formulas to ensure the highest possible accuracy.""}}, {""@type"": ""Question"", ""name"": ""Can I use this calculator on my phone?"", ""acceptedAnswer"": {""@type"": ""Answer"", ""text"": ""Yes, our calculator is fully responsive and works on all devices including smartphones, tablets, and desktop computers.""}}, {""@type"": ""Question"", ""name"": ""Who can use the Drywall Area Sheets?"", ""acceptedAnswer"": {""@type"": ""Answer"", ""text"": ""Anyone looking for quick and accurate calculations can use this free tool.""}}]}"
https://www.smartkitnow.com/construction/concrete-slab-volume,Construction,concrete-slab-volume,Concrete Slab Volume Calculator | DIY Project Estimator 2026,Calculate Concrete Slab Volume needs for your project. Free construction calculator for contractors and DIYers.,"{""@context"": ""https://schema.org"", ""@type"": ""WebApplication"", ""name"": ""Concrete Slab Volume"", ""description"": ""Free online Concrete Slab Volume"", ""url"": ""https://www.smartkitnow.com/construction/concrete-slab-volume"", ""applicationCategory"": ""ConstructionApplication"", ""operatingSystem"": ""Web"", ""browserRequirements"": ""Requires JavaScript"", ""offers"": {""@type"": ""Offer"", ""price"": ""0"", ""priceCurrency"": ""USD""}, ""aggregateRating"": {""@type"": ""AggregateRating"", ""ratingValue"": ""4.8"", ""ratingCount"": ""60""}, ""author"": {""@type"": ""Organization"", ""name"": ""SmartKitNow"", ""url"": ""https://www.smartkitnow.com""}}","{""@context"": ""https://schema.org"", ""@type"": ""FAQPage"", ""mainEntity"": [{""@type"": ""Question"", ""name"": ""How does the Concrete Slab Volume work?"", ""acceptedAnswer"": {""@type"": ""Answer"", ""text"": ""Simply enter your values into the tool and click calculate to get instant results.""}}, {""@type"": ""Question"", ""name"": ""Is this Concrete Slab Volume free to use?"", ""acceptedAnswer"": {""@type"": ""Answer"", ""text"": ""Yes, our Concrete Slab Volume is completely free to use with no registration required. You can use it unlimited times.""}}, {""@type"": ""Question"", ""name"": ""How accurate is this calculator?"", ""acceptedAnswer"": {""@type"": ""Answer"", ""text"": ""Our tool uses industry-standard formulas to ensure the highest possible accuracy.""}}, {""@type"": ""Question"", ""name"": ""Can I use this calculator on my phone?"", ""acceptedAnswer"": {""@type"": ""Answer"", ""text"": ""Yes, our calculator is fully responsive and works on all devices including smartphones, tablets, and desktop computers.""}}, {""@type"": ""Question"", ""name"": ""Who can use the Concrete Slab Volume?"", ""acceptedAnswer"": {""@type"": ""Answer"", ""text"": ""Anyone looking for quick and accurate calculations can use this free tool.""}}]}"
https://www.smartkitnow.com/construction/concrete-footing-foundation,Construction,concrete-footing-foundation,Concrete Footing Foundation Calculator | DIY Project Esti...,Calculate Concrete Footing Foundation needs for your project. Free construction calculator for contractors and DIYers.,"{""@context"": ""https://schema.org"", ""@type"": ""WebApplication"", ""name"": ""Concrete Footing Foundation"", ""description"": ""Free online Concrete Footing Foundation"", ""url"": ""https://www.smartkitnow.com/construction/concrete-footing-foundation"", ""applicationCategory"": ""ConstructionApplication"", ""operatingSystem"": ""Web"", ""browserRequirements"": ""Requires JavaScript"", ""offers"": {""@type"": ""Offer"", ""price"": ""0"", ""priceCurrency"": ""USD""}, ""aggregateRating"": {""@type"": ""AggregateRating"", ""ratingValue"": ""4.8"", ""ratingCount"": ""81""}, ""author"": {""@type"": ""Organization"", ""name"": ""SmartKitNow"", ""url"": ""https://www.smartkitnow.com""}}","{""@context"": ""https://schema.org"", ""@type"": ""FAQPage"", ""mainEntity"": [{""@type"": ""Question"", ""name"": ""How does the Concrete Footing Foundation work?"", ""acceptedAnswer"": {""@type"": ""Answer"", ""text"": ""Simply enter your values into the tool and click calculate to get instant results.""}}, {""@type"": ""Question"", ""name"": ""Is this Concrete Footing Foundation free to use?"", ""acceptedAnswer"": {""@type"": ""Answer"", ""text"": ""Yes, our Concrete Footing Foundation is completely free to use with no registration required. You can use it unlimited times.""}}, {""@type"": ""Question"", ""name"": ""How accurate is this calculator?"", ""acceptedAnswer"": {""@type"": ""Answer"", ""text"": ""Our tool uses industry-standard formulas to ensure the highest possible accuracy.""}}, {""@type"": ""Question"", ""name"": ""Can I use this calculator on my phone?"", ""acceptedAnswer"": {""@type"": ""Answer"", ""text"": ""Yes, our calculator is fully responsive and works on all devices including smartphones, tablets, and desktop computers.""}}, {""@type"": ""Question"", ""name"": ""Who can use the Concrete Footing Foundation?"", ""acceptedAnswer"": {""@type"": ""Answer"", ""text"": ""Anyone looking for quick and accurate calculations can use this free tool.""}}]}"
https://www.smartkitnow.com/construction/concrete-block-cmu-wall,Construction,concrete-block-cmu-wall,Concrete Block Cmu Wall Calculator | DIY Project Estimato...,Calculate Concrete Block Cmu Wall needs for your project. Free construction calculator for contractors and DIYers.,"{""@context"": ""https://schema.org"", ""@type"": ""WebApplication"", ""name"": ""Concrete Block Cmu Wall"", ""description"": ""Free online Concrete Block Cmu Wall"", ""url"": ""https://www.smartkitnow.com/construction/concrete-block-cmu-wall"", ""applicationCategory"": ""ConstructionApplication"", ""operatingSystem"": ""Web"", ""browserRequirements"": ""Requires JavaScript"", ""offers"": {""@type"": ""Offer"", ""price"": ""0"", ""priceCurrency"": ""USD""}, ""aggregateRating"": {""@type"": ""AggregateRating"", ""ratingValue"": ""4.8"", ""ratingCount"": ""69""}, ""author"": {""@type"": ""Organization"", ""name"": ""SmartKitNow"", ""url"": ""https://www.smartkitnow.com""}}","{""@context"": ""https://schema.org"", ""@type"": ""FAQPage"", ""mainEntity"": [{""@type"": ""Question"", ""name"": ""How does the Concrete Block Cmu Wall work?"", ""acceptedAnswer"": {""@type"": ""Answer"", ""text"": ""Simply enter your values into the tool and click calculate to get instant results.""}}, {""@type"": ""Question"", ""name"": ""Is this Concrete Block Cmu Wall free to use?"", ""acceptedAnswer"": {""@type"": ""Answer"", ""text"": ""Yes, our Concrete Block Cmu Wall is completely free to use with no registration required. You can use it unlimited times.""}}, {""@type"": ""Question"", ""name"": ""How accurate is this calculator?"", ""acceptedAnswer"": {""@type"": ""Answer"", ""text"": ""Our tool uses industry-standard formulas to ensure the highest possible accuracy.""}}, {""@type"": ""Question"", ""name"": ""Can I use this calculator on my phone?"", ""acceptedAnswer"": {""@type"": ""Answer"", ""text"": ""Yes, our calculator is fully responsive and works on all devices including smartphones, tablets, and desktop computers.""}}, {""@type"": ""Question"", ""name"": ""Who can use the Concrete Block Cmu Wall?"", ""acceptedAnswer"": {""@type"": ""Answer"", ""text"": ""Anyone looking for quick and accurate calculations can use this free tool.""}}]}"
https://www.smartkitnow.com/construction/rebar-spacing-quantity,Construction,rebar-spacing-quantity,Rebar Spacing Quantity Calculator | DIY Project Estimator...,Calculate Rebar Spacing Quantity needs for your project. Free construction calculator for contractors and DIYers.,"{""@context"": ""https://schema.org"", ""@type"": ""WebApplication"", ""name"": ""Rebar Spacing Quantity"", ""description"": ""Free online Rebar Spacing Quantity"", ""url"": ""https://www.smartkitnow.com/construction/rebar-spacing-quantity"", ""applicationCategory"": ""ConstructionApplication"", ""operatingSystem"": ""Web"", ""browserRequirements"": ""Requires JavaScript"", ""offers"": {""@type"": ""Offer"", ""price"": ""0"", ""priceCurrency"": ""USD""}, ""aggregateRating"": {""@type"": ""AggregateRating"", ""ratingValue"": ""4.8"", ""ratingCount"": ""66""}, ""author"": {""@type"": ""Organization"", ""name"": ""SmartKitNow"", ""url"": ""https://www.smartkitnow.com""}}","{""@context"": ""https://schema.org"", ""@type"": ""FAQPage"", ""mainEntity"": [{""@type"": ""Question"", ""name"": ""How does the Rebar Spacing Quantity work?"", ""acceptedAnswer"": {""@type"": ""Answer"", ""text"": ""Simply enter your values into the tool and click calculate to get instant results.""}}, {""@type"": ""Question"", ""name"": ""Is this Rebar Spacing Quantity free to use?"", ""acceptedAnswer"": {""@type"": ""Answer"", ""text"": ""Yes, our Rebar Spacing Quantity is completely free to use with no registration required. You can use it unlimited times.""}}, {""@type"": ""Question"", ""name"": ""How accurate is this calculator?"", ""acceptedAnswer"": {""@type"": ""Answer"", ""text"": ""Our tool uses industry-standard formulas to ensure the highest possible accuracy.""}}, {""@type"": ""Question"", ""name"": ""Can I use this calculator on my phone?"", ""acceptedAnswer"": {""@type"": ""Answer"", ""text"": ""Yes, our calculator is fully responsive and works on all devices including smartphones, tablets, and desktop computers.""}}, {""@type"": ""Question"", ""name"": ""Who can use the Rebar Spacing Quantity?"", ""acceptedAnswer"": {""@type"": ""Answer"", ""text"": ""Anyone looking for quick and accurate calculations can use this free tool.""}}]}"
https://www.smartkitnow.com/construction/mortar-mix-ratio-bag,Construction,mortar-mix-ratio-bag,Mortar Mix Ratio Bag Calculator | DIY Project Estimator 2026,Calculate Mortar Mix Ratio Bag needs for your project. Free construction calculator for contractors and DIYers.,"{""@context"": ""https://schema.org"", ""@type"": ""WebApplication"", ""name"": ""Mortar Mix Ratio Bag"", ""description"": ""Free online Mortar Mix Ratio Bag"", ""url"": ""https://www.smartkitnow.com/construction/mortar-mix-ratio-bag"", ""applicationCategory"": ""ConstructionApplication"", ""operatingSystem"": ""Web"", ""browserRequirements"": ""Requires JavaScript"", ""offers"": {""@type"": ""Offer"", ""price"": ""0"", ""priceCurrency"": ""USD""}, ""aggregateRating"": {""@type"": ""AggregateRating"", ""ratingValue"": ""4.8"", ""ratingCount"": ""60""}, ""author"": {""@type"": ""Organization"", ""name"": ""SmartKitNow"", ""url"": ""https://www.smartkitnow.com""}}","{""@context"": ""https://schema.org"", ""@type"": ""FAQPage"", ""mainEntity"": [{""@type"": ""Question"", ""name"": ""How does the Mortar Mix Ratio Bag work?"", ""acceptedAnswer"": {""@type"": ""Answer"", ""text"": ""Simply enter your values into the tool and click calculate to get instant results.""}}, {""@type"": ""Question"", ""name"": ""Is this Mortar Mix Ratio Bag free to use?"", ""acceptedAnswer"": {""@type"": ""Answer"", ""text"": ""Yes, our Mortar Mix Ratio Bag is completely free to use with no registration required. You can use it unlimited times.""}}, {""@type"": ""Question"", ""name"": ""How accurate is this calculator?"", ""acceptedAnswer"": {""@type"": ""Answer"", ""text"": ""Our tool uses industry-standard formulas to ensure the highest possible accuracy.""}}, {""@type"": ""Question"", ""name"": ""Can I use this calculator on my phone?"", ""acceptedAnswer"": {""@type"": ""Answer"", ""text"": ""Yes, our calculator is fully responsive and works on all devices including smartphones, tablets, and desktop computers.""}}, {""@type"": ""Question"", ""name"": ""Who can use the Mortar Mix Ratio Bag?"", ""acceptedAnswer"": {""@type"": ""Answer"", ""text"": ""Anyone looking for quick and accurate calculations can use this free tool.""}}]}"
https://www.smartkitnow.com/construction/cement-sand-aggregate-ratio,Construction,cement-sand-aggregate-ratio,Cement Sand Aggregate Ratio Calculator | DIY Project Esti...,Calculate Cement Sand Aggregate Ratio needs for your project. Free construction calculator for contractors and DIYers.,"{""@context"": ""https://schema.org"", ""@type"": ""WebApplication"", ""name"": ""Cement Sand Aggregate Ratio"", ""description"": ""Free online Cement Sand Aggregate Ratio"", ""url"": ""https://www.smartkitnow.com/construction/cement-sand-aggregate-ratio"", ""applicationCategory"": ""ConstructionApplication"", ""operatingSystem"": ""Web"", ""browserRequirements"": ""Requires JavaScript"", ""offers"": {""@type"": ""Offer"", ""price"": ""0"", ""priceCurrency"": ""USD""}, ""aggregateRating"": {""@type"": ""AggregateRating"", ""ratingValue"": ""4.8"", ""ratingCount"": ""81""}, ""author"": {""@type"": ""Organization"", ""name"": ""SmartKitNow"", ""url"": ""https://www.smartkitnow.com""}}","{""@context"": ""https://schema.org"", ""@type"": ""FAQPage"", ""mainEntity"": [{""@type"": ""Question"", ""name"": ""How does the Cement Sand Aggregate Ratio work?"", ""acceptedAnswer"": {""@type"": ""Answer"", ""text"": ""Simply enter your values into the tool and click calculate to get instant results.""}}, {""@type"": ""Question"", ""name"": ""Is this Cement Sand Aggregate Ratio free to use?"", ""acceptedAnswer"": {""@type"": ""Answer"", ""text"": ""Yes, our Cement Sand Aggregate Ratio is completely free to use with no registration required. You can use it unlimited times.""}}, {""@type"": ""Question"", ""name"": ""How accurate is this calculator?"", ""acceptedAnswer"": {""@type"": ""Answer"", ""text"": ""Our tool uses industry-standard formulas to ensure the highest possible accuracy.""}}, {""@type"": ""Question"", ""name"": ""Can I use this calculator on my phone?"", ""acceptedAnswer"": {""@type"": ""Answer"", ""text"": ""Yes, our calculator is fully responsive and works on all devices including smartphones, tablets, and desktop computers.""}}, {""@type"": ""Question"", ""name"": ""Who can use the Cement Sand Aggregate Ratio?"", ""acceptedAnswer"": {""@type"": ""Answer"", ""text"": ""Anyone looking for quick and accurate calculations can use this free tool.""}}]}"
https://www.smartkitnow.com/construction/concrete-weight-yield,Construction,concrete-weight-yield,Concrete Weight Yield Calculator | DIY Project Estimator ...,Calculate Concrete Weight Yield needs for your project. Free construction calculator for contractors and DIYers.,"{""@context"": ""https://schema.org"", ""@type"": ""WebApplication"", ""name"": ""Concrete Weight Yield"", ""description"": ""Free online Concrete Weight Yield"", ""url"": ""https://www.smartkitnow.com/construction/concrete-weight-yield"", ""applicationCategory"": ""ConstructionApplication"", ""operatingSystem"": ""Web"", ""browserRequirements"": ""Requires JavaScript"", ""offers"": {""@type"": ""Offer"", ""price"": ""0"", ""priceCurrency"": ""USD""}, ""aggregateRating"": {""@type"": ""AggregateRating"", ""ratingValue"": ""4.8"", ""ratingCount"": ""63""}, ""author"": {""@type"": ""Organization"", ""name"": ""SmartKitNow"", ""url"": ""https://www.smartkitnow.com""}}","{""@context"": ""https://schema.org"", ""@type"": ""FAQPage"", ""mainEntity"": [{""@type"": ""Question"", ""name"": ""How does the Concrete Weight Yield work?"", ""acceptedAnswer"": {""@type"": ""Answer"", ""text"": ""Simply enter your values into the tool and click calculate to get instant results.""}}, {""@type"": ""Question"", ""name"": ""Is this Concrete Weight Yield free to use?"", ""acceptedAnswer"": {""@type"": ""Answer"", ""text"": ""Yes, our Concrete Weight Yield is completely free to use with no registration required. You can use it unlimited times.""}}, {""@type"": ""Question"", ""name"": ""How accurate is this calculator?"", ""acceptedAnswer"": {""@type"": ""Answer"", ""text"": ""Our tool uses industry-standard formulas to ensure the highest possible accuracy.""}}, {""@type"": ""Question"", ""name"": ""Can I use this calculator on my phone?"", ""acceptedAnswer"": {""@type"": ""Answer"", ""text"": ""Yes, our calculator is fully responsive and works on all devices including smartphones, tablets, and desktop computers.""}}, {""@type"": ""Question"", ""name"": ""Who can use the Concrete Weight Yield?"", ""acceptedAnswer"": {""@type"": ""Answer"", ""text"": ""Anyone looking for quick and accurate calculations can use this free tool.""}}]}"
https://www.smartkitnow.com/construction/concrete-curing-time,Construction,concrete-curing-time,Concrete Curing Time Calculator | DIY Project Estimator 2026,Calculate Concrete Curing Time needs for your project. Free construction calculator for contractors and DIYers.,"{""@context"": ""https://schema.org"", ""@type"": ""WebApplication"", ""name"": ""Concrete Curing Time"", ""description"": ""Free online Concrete Curing Time"", ""url"": ""https://www.smartkitnow.com/construction/concrete-curing-time"", ""applicationCategory"": ""ConstructionApplication"", ""operatingSystem"": ""Web"", ""browserRequirements"": ""Requires JavaScript"", ""offers"": {""@type"": ""Offer"", ""price"": ""0"", ""priceCurrency"": ""USD""}, ""aggregateRating"": {""@type"": ""AggregateRating"", ""ratingValue"": ""4.8"", ""ratingCount"": ""60""}, ""author"": {""@type"": ""Organization"", ""name"": ""SmartKitNow"", ""url"": ""https://www.smartkitnow.com""}}","{""@context"": ""https://schema.org"", ""@type"": ""FAQPage"", ""mainEntity"": [{""@type"": ""Question"", ""name"": ""How does the Concrete Curing Time work?"", ""acceptedAnswer"": {""@type"": ""Answer"", ""text"": ""Simply enter your values into the tool and click calculate to get instant results.""}}, {""@type"": ""Question"", ""name"": ""Is this Concrete Curing Time free to use?"", ""acceptedAnswer"": {""@type"": ""Answer"", ""text"": ""Yes, our Concrete Curing Time is completely free to use with no registration required. You can use it unlimited times.""}}, {""@type"": ""Question"", ""name"": ""How accurate is this calculator?"", ""acceptedAnswer"": {""@type"": ""Answer"", ""text"": ""Our tool uses industry-standard formulas to ensure the highest possible accuracy.""}}, {""@type"": ""Question"", ""name"": ""Can I use this calculator on my phone?"", ""acceptedAnswer"": {""@type"": ""Answer"", ""text"": ""Yes, our calculator is fully responsive and works on all devices including smartphones, tablets, and desktop computers.""}}, {""@type"": ""Question"", ""name"": ""Who can use the Concrete Curing Time?"", ""acceptedAnswer"": {""@type"": ""Answer"", ""text"": ""Anyone looking for quick and accurate calculations can use this free tool.""}}]}"
https://www.smartkitnow.com/construction/brick-calculator,Construction,brick-calculator,Brick Calculator Calculator | DIY Project Estimator 2026,Calculate Brick Calculator needs for your project. Free construction calculator for contractors and DIYers.,"{""@context"": ""https://schema.org"", ""@type"": ""WebApplication"", ""name"": ""Brick Calculator"", ""description"": ""Free online Brick Calculator"", ""url"": ""https://www.smartkitnow.com/construction/brick-calculator"", ""applicationCategory"": ""ConstructionApplication"", ""operatingSystem"": ""Web"", ""browserRequirements"": ""Requires JavaScript"", ""offers"": {""@type"": ""Offer"", ""price"": ""0"", ""priceCurrency"": ""USD""}, ""aggregateRating"": {""@type"": ""AggregateRating"", ""ratingValue"": ""4.8"", ""ratingCount"": ""48""}, ""author"": {""@type"": ""Organization"", ""name"": ""SmartKitNow"", ""url"": ""https://www.smartkitnow.com""}}","{""@context"": ""https://schema.org"", ""@type"": ""FAQPage"", ""mainEntity"": [{""@type"": ""Question"", ""name"": ""How does the Brick Calculator work?"", ""acceptedAnswer"": {""@type"": ""Answer"", ""text"": ""Simply enter your values into the tool and click calculate to get instant results.""}}, {""@type"": ""Question"", ""name"": ""Is this Brick Calculator free to use?"", ""acceptedAnswer"": {""@type"": ""Answer"", ""text"": ""Yes, our Brick Calculator is completely free to use with no registration required. You can use it unlimited times.""}}, {""@type"": ""Question"", ""name"": ""How accurate is this calculator?"", ""acceptedAnswer"": {""@type"": ""Answer"", ""text"": ""Our tool uses industry-standard formulas to ensure the highest possible accuracy.""}}, {""@type"": ""Question"", ""name"": ""Can I use this calculator on my phone?"", ""acceptedAnswer"": {""@type"": ""Answer"", ""text"": ""Yes, our calculator is fully responsive and works on all devices including smartphones, tablets, and desktop computers.""}}, {""@type"": ""Question"", ""name"": ""Who can use the Brick Calculator?"", ""acceptedAnswer"": {""@type"": ""Answer"", ""text"": ""Anyone looking for quick and accurate calculations can use this free tool.""}}]}"
https://www.smartkitnow.com/construction/retaining-wall-calculator,Construction,retaining-wall-calculator,Retaining Wall Calculator Calculator | DIY Project Estima...,Calculate Retaining Wall Calculator needs for your project. Free construction calculator for contractors and DIYers.,"{""@context"": ""https://schema.org"", ""@type"": ""WebApplication"", ""name"": ""Retaining Wall Calculator"", ""description"": ""Free online Retaining Wall Calculator"", ""url"": ""https://www.smartkitnow.com/construction/retaining-wall-calculator"", ""applicationCategory"": ""ConstructionApplication"", ""operatingSystem"": ""Web"", ""browserRequirements"": ""Requires JavaScript"", ""offers"": {""@type"": ""Offer"", ""price"": ""0"", ""priceCurrency"": ""USD""}, ""aggregateRating"": {""@type"": ""AggregateRating"", ""ratingValue"": ""4.8"", ""ratingCount"": ""75""}, ""author"": {""@type"": ""Organization"", ""name"": ""SmartKitNow"", ""url"": ""https://www.smartkitnow.com""}}","{""@context"": ""https://schema.org"", ""@type"": ""FAQPage"", ""mainEntity"": [{""@type"": ""Question"", ""name"": ""How does the Retaining Wall Calculator work?"", ""acceptedAnswer"": {""@type"": ""Answer"", ""text"": ""Simply enter your values into the tool and click calculate to get instant results.""}}, {""@type"": ""Question"", ""name"": ""Is this Retaining Wall Calculator free to use?"", ""acceptedAnswer"": {""@type"": ""Answer"", ""text"": ""Yes, our Retaining Wall Calculator is completely free to use with no registration required. You can use it unlimited times.""}}, {""@type"": ""Question"", ""name"": ""How accurate is this calculator?"", ""acceptedAnswer"": {""@type"": ""Answer"", ""text"": ""Our tool uses industry-standard formulas to ensure the highest possible accuracy.""}}, {""@type"": ""Question"", ""name"": ""Can I use this calculator on my phone?"", ""acceptedAnswer"": {""@type"": ""Answer"", ""text"": ""Yes, our calculator is fully responsive and works on all devices including smartphones, tablets, and desktop computers.""}}, {""@type"": ""Question"", ""name"": ""Who can use the Retaining Wall Calculator?"", ""acceptedAnswer"": {""@type"": ""Answer"", ""text"": ""Anyone looking for quick and accurate calculations can use this free tool.""}}]}"
https://www.smartkitnow.com/construction/deck-board-joist-spacing,Construction,deck-board-joist-spacing,Deck Board Joist Spacing Calculator | DIY Project Estimat...,Calculate Deck Board Joist Spacing needs for your project. Free construction calculator for contractors and DIYers.,"{""@context"": ""https://schema.org"", ""@type"": ""WebApplication"", ""name"": ""Deck Board Joist Spacing"", ""description"": ""Free online Deck Board Joist Spacing"", ""url"": ""https://www.smartkitnow.com/construction/deck-board-joist-spacing"", ""applicationCategory"": ""ConstructionApplication"", ""operatingSystem"": ""Web"", ""browserRequirements"": ""Requires JavaScript"", ""offers"": {""@type"": ""Offer"", ""price"": ""0"", ""priceCurrency"": ""USD""}, ""aggregateRating"": {""@type"": ""AggregateRating"", ""ratingValue"": ""4.8"", ""ratingCount"": ""72""}, ""author"": {""@type"": ""Organization"", ""name"": ""SmartKitNow"", ""url"": ""https://www.smartkitnow.com""}}","{""@context"": ""https://schema.org"", ""@type"": ""FAQPage"", ""mainEntity"": [{""@type"": ""Question"", ""name"": ""How does the Deck Board Joist Spacing work?"", ""acceptedAnswer"": {""@type"": ""Answer"", ""text"": ""Simply enter your values into the tool and click calculate to get instant results.""}}, {""@type"": ""Question"", ""name"": ""Is this Deck Board Joist Spacing free to use?"", ""acceptedAnswer"": {""@type"": ""Answer"", ""text"": ""Yes, our Deck Board Joist Spacing is completely free to use with no registration required. You can use it unlimited times.""}}, {""@type"": ""Question"", ""name"": ""How accurate is this calculator?"", ""acceptedAnswer"": {""@type"": ""Answer"", ""text"": ""Our tool uses industry-standard formulas to ensure the highest possible accuracy.""}}, {""@type"": ""Question"", ""name"": ""Can I use this calculator on my phone?"", ""acceptedAnswer"": {""@type"": ""Answer"", ""text"": ""Yes, our calculator is fully responsive and works on all devices including smartphones, tablets, and desktop computers.""}}, {""@type"": ""Question"", ""name"": ""Who can use the Deck Board Joist Spacing?"", ""acceptedAnswer"": {""@type"": ""Answer"", ""text"": ""Anyone looking for quick and accurate calculations can use this free tool.""}}]}"
https://www.smartkitnow.com/construction/stair-tread-riser-dimensions,Construction,stair-tread-riser-dimensions,Stair Tread Riser Dimensions Calculator | DIY Project Est...,Calculate Stair Tread Riser Dimensions needs for your project. Free construction calculator for contractors and DIYers.,"{""@context"": ""https://schema.org"", ""@type"": ""WebApplication"", ""name"": ""Stair Tread Riser Dimensions"", ""description"": ""Free online Stair Tread Riser Dimensions"", ""url"": ""https://www.smartkitnow.com/construction/stair-tread-riser-dimensions"", ""applicationCategory"": ""ConstructionApplication"", ""operatingSystem"": ""Web"", ""browserRequirements"": ""Requires JavaScript"", ""offers"": {""@type"": ""Offer"", ""price"": ""0"", ""priceCurrency"": ""USD""}, ""aggregateRating"": {""@type"": ""AggregateRating"", ""ratingValue"": ""4.8"", ""ratingCount"": ""84""}, ""author"": {""@type"": ""Organization"", ""name"": ""SmartKitNow"", ""url"": ""https://www.smartkitnow.com""}}","{""@context"": ""https://schema.org"", ""@type"": ""FAQPage"", ""mainEntity"": [{""@type"": ""Question"", ""name"": ""How does the Stair Tread Riser Dimensions work?"", ""acceptedAnswer"": {""@type"": ""Answer"", ""text"": ""Simply enter your values into the tool and click calculate to get instant results.""}}, {""@type"": ""Question"", ""name"": ""Is this Stair Tread Riser Dimensions free to use?"", ""acceptedAnswer"": {""@type"": ""Answer"", ""text"": ""Yes, our Stair Tread Riser Dimensions is completely free to use with no registration required. You can use it unlimited times.""}}, {""@type"": ""Question"", ""name"": ""How accurate is this calculator?"", ""acceptedAnswer"": {""@type"": ""Answer"", ""text"": ""Our tool uses industry-standard formulas to ensure the highest possible accuracy.""}}, {""@type"": ""Question"", ""name"": ""Can I use this calculator on my phone?"", ""acceptedAnswer"": {""@type"": ""Answer"", ""text"": ""Yes, our calculator is fully responsive and works on all devices including smartphones, tablets, and desktop computers.""}}, {""@type"": ""Question"", ""name"": ""Who can use the Stair Tread Riser Dimensions?"", ""acceptedAnswer"": {""@type"": ""Answer"", ""text"": ""Anyone looking for quick and accurate calculations can use this free tool.""}}]}"
https://www.smartkitnow.com/construction/trim-baseboard-length-estimator,Construction,trim-baseboard-length-estimator,Trim Baseboard Length Estimator Calculator | DIY Project ...,Calculate Trim Baseboard Length Estimator needs for your project. Free construction calculator for contractors and DIYers.,"{""@context"": ""https://schema.org"", ""@type"": ""WebApplication"", ""name"": ""Trim Baseboard Length Estimator"", ""description"": ""Free online Trim Baseboard Length Estimator"", ""url"": ""https://www.smartkitnow.com/construction/trim-baseboard-length-estimator"", ""applicationCategory"": ""ConstructionApplication"", ""operatingSystem"": ""Web"", ""browserRequirements"": ""Requires JavaScript"", ""offers"": {""@type"": ""Offer"", ""price"": ""0"", ""priceCurrency"": ""USD""}, ""aggregateRating"": {""@type"": ""AggregateRating"", ""ratingValue"": ""4.8"", ""ratingCount"": ""93""}, ""author"": {""@type"": ""Organization"", ""name"": ""SmartKitNow"", ""url"": ""https://www.smartkitnow.com""}}","{""@context"": ""https://schema.org"", ""@type"": ""FAQPage"", ""mainEntity"": [{""@type"": ""Question"", ""name"": ""How does the Trim Baseboard Length Estimator work?"", ""acceptedAnswer"": {""@type"": ""Answer"", ""text"": ""Simply enter your values into the tool and click calculate to get instant results.""}}, {""@type"": ""Question"", ""name"": ""Is this Trim Baseboard Length Estimator free to use?"", ""acceptedAnswer"": {""@type"": ""Answer"", ""text"": ""Yes, our Trim Baseboard Length Estimator is completely free to use with no registration required. You can use it unlimited times.""}}, {""@type"": ""Question"", ""name"": ""How accurate is this calculator?"", ""acceptedAnswer"": {""@type"": ""Answer"", ""text"": ""Our tool uses industry-standard formulas to ensure the highest possible accuracy.""}}, {""@type"": ""Question"", ""name"": ""Can I use this calculator on my phone?"", ""acceptedAnswer"": {""@type"": ""Answer"", ""text"": ""Yes, our calculator is fully responsive and works on all devices including smartphones, tablets, and desktop computers.""}}, {""@type"": ""Question"", ""name"": ""Who can use the Trim Baseboard Length Estimator?"", ""acceptedAnswer"": {""@type"": ""Answer"", ""text"": ""Anyone looking for quick and accurate calculations can use this free tool.""}}]}"
https://www.smartkitnow.com/construction/hardwood-plank-quantity,Construction,hardwood-plank-quantity,Hardwood Plank Quantity Calculator | DIY Project Estimato...,Calculate Hardwood Plank Quantity needs for your project. Free construction calculator for contractors and DIYers.,"{""@context"": ""https://schema.org"", ""@type"": ""WebApplication"", ""name"": ""Hardwood Plank Quantity"", ""description"": ""Free online Hardwood Plank Quantity"", ""url"": ""https://www.smartkitnow.com/construction/hardwood-plank-quantity"", ""applicationCategory"": ""ConstructionApplication"", ""operatingSystem"": ""Web"", ""browserRequirements"": ""Requires JavaScript"", ""offers"": {""@type"": ""Offer"", ""price"": ""0"", ""priceCurrency"": ""USD""}, ""aggregateRating"": {""@type"": ""AggregateRating"", ""ratingValue"": ""4.8"", ""ratingCount"": ""69""}, ""author"": {""@type"": ""Organization"", ""name"": ""SmartKitNow"", ""url"": ""https://www.smartkitnow.com""}}","{""@context"": ""https://schema.org"", ""@type"": ""FAQPage"", ""mainEntity"": [{""@type"": ""Question"", ""name"": ""How does the Hardwood Plank Quantity work?"", ""acceptedAnswer"": {""@type"": ""Answer"", ""text"": ""Simply enter your values into the tool and click calculate to get instant results.""}}, {""@type"": ""Question"", ""name"": ""Is this Hardwood Plank Quantity free to use?"", ""acceptedAnswer"": {""@type"": ""Answer"", ""text"": ""Yes, our Hardwood Plank Quantity is completely free to use with no registration required. You can use it unlimited times.""}}, {""@type"": ""Question"", ""name"": ""How accurate is this calculator?"", ""acceptedAnswer"": {""@type"": ""Answer"", ""text"": ""Our tool uses industry-standard formulas to ensure the highest possible accuracy.""}}, {""@type"": ""Question"", ""name"": ""Can I use this calculator on my phone?"", ""acceptedAnswer"": {""@type"": ""Answer"", ""text"": ""Yes, our calculator is fully responsive and works on all devices including smartphones, tablets, and desktop computers.""}}, {""@type"": ""Question"", ""name"": ""Who can use the Hardwood Plank Quantity?"", ""acceptedAnswer"": {""@type"": ""Answer"", ""text"": ""Anyone looking for quick and accurate calculations can use this free tool.""}}]}"
https://www.smartkitnow.com/construction/laminate-flooring-waste-allowance,Construction,laminate-flooring-waste-allowance,Laminate Flooring Waste Allowance Calculator | DIY Projec...,Calculate Laminate Flooring Waste Allowance needs for your project. Free construction calculator for contractors and DIYers.,"{""@context"": ""https://schema.org"", ""@type"": ""WebApplication"", ""name"": ""Laminate Flooring Waste Allowance"", ""description"": ""Free online Laminate Flooring Waste Allowance"", ""url"": ""https://www.smartkitnow.com/construction/laminate-flooring-waste-allowance"", ""applicationCategory"": ""ConstructionApplication"", ""operatingSystem"": ""Web"", ""browserRequirements"": ""Requires JavaScript"", ""offers"": {""@type"": ""Offer"", ""price"": ""0"", ""priceCurrency"": ""USD""}, ""aggregateRating"": {""@type"": ""AggregateRating"", ""ratingValue"": ""4.8"", ""ratingCount"": ""99""}, ""author"": {""@type"": ""Organization"", ""name"": ""SmartKitNow"", ""url"": ""https://www.smartkitnow.com""}}","{""@context"": ""https://schema.org"", ""@type"": ""FAQPage"", ""mainEntity"": [{""@type"": ""Question"", ""name"": ""How does the Laminate Flooring Waste Allowance work?"", ""acceptedAnswer"": {""@type"": ""Answer"", ""text"": ""Simply enter your values into the tool and click calculate to get instant results.""}}, {""@type"": ""Question"", ""name"": ""Is this Laminate Flooring Waste Allowance free to use?"", ""acceptedAnswer"": {""@type"": ""Answer"", ""text"": ""Yes, our Laminate Flooring Waste Allowance is completely free to use with no registration required. You can use it unlimited times.""}}, {""@type"": ""Question"", ""name"": ""How accurate is this calculator?"", ""acceptedAnswer"": {""@type"": ""Answer"", ""text"": ""Our tool uses industry-standard formulas to ensure the highest possible accuracy.""}}, {""@type"": ""Question"", ""name"": ""Can I use this calculator on my phone?"", ""acceptedAnswer"": {""@type"": ""Answer"", ""text"": ""Yes, our calculator is fully responsive and works on all devices including smartphones, tablets, and desktop computers.""}}, {""@type"": ""Question"", ""name"": ""Who can use the Laminate Flooring Waste Allowance?"", ""acceptedAnswer"": {""@type"": ""Answer"", ""text"": ""Anyone looking for quick and accurate calculations can use this free tool.""}}]}"
https://www.smartkitnow.com/construction/carpet-roll-waste,Construction,carpet-roll-waste,Carpet Roll Waste Calculator | DIY Project Estimator 2026,Calculate Carpet Roll Waste needs for your project. Free construction calculator for contractors and DIYers.,"{""@context"": ""https://schema.org"", ""@type"": ""WebApplication"", ""name"": ""Carpet Roll Waste"", ""description"": ""Free online Carpet Roll Waste"", ""url"": ""https://www.smartkitnow.com/construction/carpet-roll-waste"", ""applicationCategory"": ""ConstructionApplication"", ""operatingSystem"": ""Web"", ""browserRequirements"": ""Requires JavaScript"", ""offers"": {""@type"": ""Offer"", ""price"": ""0"", ""priceCurrency"": ""USD""}, ""aggregateRating"": {""@type"": ""AggregateRating"", ""ratingValue"": ""4.8"", ""ratingCount"": ""51""}, ""author"": {""@type"": ""Organization"", ""name"": ""SmartKitNow"", ""url"": ""https://www.smartkitnow.com""}}","{""@context"": ""https://schema.org"", ""@type"": ""FAQPage"", ""mainEntity"": [{""@type"": ""Question"", ""name"": ""How does the Carpet Roll Waste work?"", ""acceptedAnswer"": {""@type"": ""Answer"", ""text"": ""Simply enter your values into the tool and click calculate to get instant results.""}}, {""@type"": ""Question"", ""name"": ""Is this Carpet Roll Waste free to use?"", ""acceptedAnswer"": {""@type"": ""Answer"", ""text"": ""Yes, our Carpet Roll Waste is completely free to use with no registration required. You can use it unlimited times.""}}, {""@type"": ""Question"", ""name"": ""How accurate is this calculator?"", ""acceptedAnswer"": {""@type"": ""Answer"", ""text"": ""Our tool uses industry-standard formulas to ensure the highest possible accuracy.""}}, {""@type"": ""Question"", ""name"": ""Can I use this calculator on my phone?"", ""acceptedAnswer"": {""@type"": ""Answer"", ""text"": ""Yes, our calculator is fully responsive and works on all devices including smartphones, tablets, and desktop computers.""}}, {""@type"": ""Question"", ""name"": ""Who can use the Carpet Roll Waste?"", ""acceptedAnswer"": {""@type"": ""Answer"", ""text"": ""Anyone looking for quick and accurate calculations can use this free tool.""}}]}"
https://www.smartkitnow.com/construction/board-foot,Construction,board-foot,Board Foot Calculator | DIY Project Estimator 2026,Calculate Board Foot needs for your project. Free construction calculator for contractors and DIYers.,"{""@context"": ""https://schema.org"", ""@type"": ""WebApplication"", ""name"": ""Board Foot"", ""description"": ""Free online Board Foot"", ""url"": ""https://www.smartkitnow.com/construction/board-foot"", ""applicationCategory"": ""ConstructionApplication"", ""operatingSystem"": ""Web"", ""browserRequirements"": ""Requires JavaScript"", ""offers"": {""@type"": ""Offer"", ""price"": ""0"", ""priceCurrency"": ""USD""}, ""aggregateRating"": {""@type"": ""AggregateRating"", ""ratingValue"": ""4.8"", ""ratingCount"": ""30""}, ""author"": {""@type"": ""Organization"", ""name"": ""SmartKitNow"", ""url"": ""https://www.smartkitnow.com""}}","{""@context"": ""https://schema.org"", ""@type"": ""FAQPage"", ""mainEntity"": [{""@type"": ""Question"", ""name"": ""How does the Board Foot work?"", ""acceptedAnswer"": {""@type"": ""Answer"", ""text"": ""Simply enter your values into the tool and click calculate to get instant results.""}}, {""@type"": ""Question"", ""name"": ""Is this Board Foot free to use?"", ""acceptedAnswer"": {""@type"": ""Answer"", ""text"": ""Yes, our Board Foot is completely free to use with no registration required. You can use it unlimited times.""}}, {""@type"": ""Question"", ""name"": ""How accurate is this calculator?"", ""acceptedAnswer"": {""@type"": ""Answer"", ""text"": ""Our tool uses industry-standard formulas to ensure the highest possible accuracy.""}}, {""@type"": ""Question"", ""name"": ""Can I use this calculator on my phone?"", ""acceptedAnswer"": {""@type"": ""Answer"", ""text"": ""Yes, our calculator is fully responsive and works on all devices including smartphones, tablets, and desktop computers.""}}, {""@type"": ""Question"", ""name"": ""Who can use the Board Foot?"", ""acceptedAnswer"": {""@type"": ""Answer"", ""text"": ""Anyone looking for quick and accurate calculations can use this free tool.""}}]}"
https://www.smartkitnow.com/construction/fence-post-material-linear-feet,Construction,fence-post-material-linear-feet,Fence Post Material Linear Feet Calculator | DIY Project ...,Calculate Fence Post Material Linear Feet needs for your project. Free construction calculator for contractors and DIYers.,"{""@context"": ""https://schema.org"", ""@type"": ""WebApplication"", ""name"": ""Fence Post Material Linear Feet"", ""description"": ""Free online Fence Post Material Linear Feet"", ""url"": ""https://www.smartkitnow.com/construction/fence-post-material-linear-feet"", ""applicationCategory"": ""ConstructionApplication"", ""operatingSystem"": ""Web"", ""browserRequirements"": ""Requires JavaScript"", ""offers"": {""@type"": ""Offer"", ""price"": ""0"", ""priceCurrency"": ""USD""}, ""aggregateRating"": {""@type"": ""AggregateRating"", ""ratingValue"": ""4.8"", ""ratingCount"": ""93""}, ""author"": {""@type"": ""Organization"", ""name"": ""SmartKitNow"", ""url"": ""https://www.smartkitnow.com""}}","{""@context"": ""https://schema.org"", ""@type"": ""FAQPage"", ""mainEntity"": [{""@type"": ""Question"", ""name"": ""How does the Fence Post Material Linear Feet work?"", ""acceptedAnswer"": {""@type"": ""Answer"", ""text"": ""Simply enter your values into the tool and click calculate to get instant results.""}}, {""@type"": ""Question"", ""name"": ""Is this Fence Post Material Linear Feet free to use?"", ""acceptedAnswer"": {""@type"": ""Answer"", ""text"": ""Yes, our Fence Post Material Linear Feet is completely free to use with no registration required. You can use it unlimited times.""}}, {""@type"": ""Question"", ""name"": ""How accurate is this calculator?"", ""acceptedAnswer"": {""@type"": ""Answer"", ""text"": ""Our tool uses industry-standard formulas to ensure the highest possible accuracy.""}}, {""@type"": ""Question"", ""name"": ""Can I use this calculator on my phone?"", ""acceptedAnswer"": {""@type"": ""Answer"", ""text"": ""Yes, our calculator is fully responsive and works on all devices including smartphones, tablets, and desktop computers.""}}, {""@type"": ""Question"", ""name"": ""Who can use the Fence Post Material Linear Feet?"", ""acceptedAnswer"": {""@type"": ""Answer"", ""text"": ""Anyone looking for quick and accurate calculations can use this free tool.""}}]}"
https://www.smartkitnow.com/construction/tile-area-grout,Construction,tile-area-grout,Tile Area Grout Calculator | DIY Project Estimator 2026,Calculate Tile Area Grout needs for your project. Free construction calculator for contractors and DIYers.,"{""@context"": ""https://schema.org"", ""@type"": ""WebApplication"", ""name"": ""Tile Area Grout"", ""description"": ""Free online Tile Area Grout"", ""url"": ""https://www.smartkitnow.com/construction/tile-area-grout"", ""applicationCategory"": ""ConstructionApplication"", ""operatingSystem"": ""Web"", ""browserRequirements"": ""Requires JavaScript"", ""offers"": {""@type"": ""Offer"", ""price"": ""0"", ""priceCurrency"": ""USD""}, ""aggregateRating"": {""@type"": ""AggregateRating"", ""ratingValue"": ""4.8"", ""ratingCount"": ""45""}, ""author"": {""@type"": ""Organization"", ""name"": ""SmartKitNow"", ""url"": ""https://www.smartkitnow.com""}}","{""@context"": ""https://schema.org"", ""@type"": ""FAQPage"", ""mainEntity"": [{""@type"": ""Question"", ""name"": ""How does the Tile Area Grout work?"", ""acceptedAnswer"": {""@type"": ""Answer"", ""text"": ""Simply enter your values into the tool and click calculate to get instant results.""}}, {""@type"": ""Question"", ""name"": ""Is this Tile Area Grout free to use?"", ""acceptedAnswer"": {""@type"": ""Answer"", ""text"": ""Yes, our Tile Area Grout is completely free to use with no registration required. You can use it unlimited times.""}}, {""@type"": ""Question"", ""name"": ""How accurate is this calculator?"", ""acceptedAnswer"": {""@type"": ""Answer"", ""text"": ""Our tool uses industry-standard formulas to ensure the highest possible accuracy.""}}, {""@type"": ""Question"", ""name"": ""Can I use this calculator on my phone?"", ""acceptedAnswer"": {""@type"": ""Answer"", ""text"": ""Yes, our calculator is fully responsive and works on all devices including smartphones, tablets, and desktop computers.""}}, {""@type"": ""Question"", ""name"": ""Who can use the Tile Area Grout?"", ""acceptedAnswer"": {""@type"": ""Answer"", ""text"": ""Anyone looking for quick and accurate calculations can use this free tool.""}}]}"
https://www.smartkitnow.com/construction/flooring-material-cost,Construction,flooring-material-cost,Flooring Material Cost Calculator | DIY Project Estimator...,Calculate Flooring Material Cost needs for your project. Free construction calculator for contractors and DIYers.,"{""@context"": ""https://schema.org"", ""@type"": ""WebApplication"", ""name"": ""Flooring Material Cost"", ""description"": ""Free online Flooring Material Cost"", ""url"": ""https://www.smartkitnow.com/construction/flooring-material-cost"", ""applicationCategory"": ""ConstructionApplication"", ""operatingSystem"": ""Web"", ""browserRequirements"": ""Requires JavaScript"", ""offers"": {""@type"": ""Offer"", ""price"": ""0"", ""priceCurrency"": ""USD""}, ""aggregateRating"": {""@type"": ""AggregateRating"", ""ratingValue"": ""4.8"", ""ratingCount"": ""66""}, ""author"": {""@type"": ""Organization"", ""name"": ""SmartKitNow"", ""url"": ""https://www.smartkitnow.com""}}","{""@context"": ""https://schema.org"", ""@type"": ""FAQPage"", ""mainEntity"": [{""@type"": ""Question"", ""name"": ""How does the Flooring Material Cost work?"", ""acceptedAnswer"": {""@type"": ""Answer"", ""text"": ""Simply enter your values into the tool and click calculate to get instant results.""}}, {""@type"": ""Question"", ""name"": ""Is this Flooring Material Cost free to use?"", ""acceptedAnswer"": {""@type"": ""Answer"", ""text"": ""Yes, our Flooring Material Cost is completely free to use with no registration required. You can use it unlimited times.""}}, {""@type"": ""Question"", ""name"": ""How accurate is this calculator?"", ""acceptedAnswer"": {""@type"": ""Answer"", ""text"": ""Our tool uses industry-standard formulas to ensure the highest possible accuracy.""}}, {""@type"": ""Question"", ""name"": ""Can I use this calculator on my phone?"", ""acceptedAnswer"": {""@type"": ""Answer"", ""text"": ""Yes, our calculator is fully responsive and works on all devices including smartphones, tablets, and desktop computers.""}}, {""@type"": ""Question"", ""name"": ""Who can use the Flooring Material Cost?"", ""acceptedAnswer"": {""@type"": ""Answer"", ""text"": ""Anyone looking for quick and accurate calculations can use this free tool.""}}]}"
https://www.smartkitnow.com/construction/baluster-spacing-calculator,Construction,baluster-spacing-calculator,Baluster Spacing Calculator Calculator | DIY Project Esti...,Calculate Baluster Spacing Calculator needs for your project. Free construction calculator for contractors and DIYers.,"{""@context"": ""https://schema.org"", ""@type"": ""WebApplication"", ""name"": ""Baluster Spacing Calculator"", ""description"": ""Free online Baluster Spacing Calculator"", ""url"": ""https://www.smartkitnow.com/construction/baluster-spacing-calculator"", ""applicationCategory"": ""ConstructionApplication"", ""operatingSystem"": ""Web"", ""browserRequirements"": ""Requires JavaScript"", ""offers"": {""@type"": ""Offer"", ""price"": ""0"", ""priceCurrency"": ""USD""}, ""aggregateRating"": {""@type"": ""AggregateRating"", ""ratingValue"": ""4.8"", ""ratingCount"": ""81""}, ""author"": {""@type"": ""Organization"", ""name"": ""SmartKitNow"", ""url"": ""https://www.smartkitnow.com""}}","{""@context"": ""https://schema.org"", ""@type"": ""FAQPage"", ""mainEntity"": [{""@type"": ""Question"", ""name"": ""How does the Baluster Spacing Calculator work?"", ""acceptedAnswer"": {""@type"": ""Answer"", ""text"": ""Simply enter your values into the tool and click calculate to get instant results.""}}, {""@type"": ""Question"", ""name"": ""Is this Baluster Spacing Calculator free to use?"", ""acceptedAnswer"": {""@type"": ""Answer"", ""text"": ""Yes, our Baluster Spacing Calculator is completely free to use with no registration required. You can use it unlimited times.""}}, {""@type"": ""Question"", ""name"": ""How accurate is this calculator?"", ""acceptedAnswer"": {""@type"": ""Answer"", ""text"": ""Our tool uses industry-standard formulas to ensure the highest possible accuracy.""}}, {""@type"": ""Question"", ""name"": ""Can I use this calculator on my phone?"", ""acceptedAnswer"": {""@type"": ""Answer"", ""text"": ""Yes, our calculator is fully responsive and works on all devices including smartphones, tablets, and desktop computers.""}}, {""@type"": ""Question"", ""name"": ""Who can use the Baluster Spacing Calculator?"", ""acceptedAnswer"": {""@type"": ""Answer"", ""text"": ""Anyone looking for quick and accurate calculations can use this free tool.""}}]}"
https://www.smartkitnow.com/construction/paint-coverage-gallons,Construction,paint-coverage-gallons,Paint Coverage Gallons Calculator | DIY Project Estimator...,Calculate Paint Coverage Gallons needs for your project. Free construction calculator for contractors and DIYers.,"{""@context"": ""https://schema.org"", ""@type"": ""WebApplication"", ""name"": ""Paint Coverage Gallons"", ""description"": ""Free online Paint Coverage Gallons"", ""url"": ""https://www.smartkitnow.com/construction/paint-coverage-gallons"", ""applicationCategory"": ""ConstructionApplication"", ""operatingSystem"": ""Web"", ""browserRequirements"": ""Requires JavaScript"", ""offers"": {""@type"": ""Offer"", ""price"": ""0"", ""priceCurrency"": ""USD""}, ""aggregateRating"": {""@type"": ""AggregateRating"", ""ratingValue"": ""4.8"", ""ratingCount"": ""66""}, ""author"": {""@type"": ""Organization"", ""name"": ""SmartKitNow"", ""url"": ""https://www.smartkitnow.com""}}","{""@context"": ""https://schema.org"", ""@type"": ""FAQPage"", ""mainEntity"": [{""@type"": ""Question"", ""name"": ""How does the Paint Coverage Gallons work?"", ""acceptedAnswer"": {""@type"": ""Answer"", ""text"": ""Simply enter your values into the tool and click calculate to get instant results.""}}, {""@type"": ""Question"", ""name"": ""Is this Paint Coverage Gallons free to use?"", ""acceptedAnswer"": {""@type"": ""Answer"", ""text"": ""Yes, our Paint Coverage Gallons is completely free to use with no registration required. You can use it unlimited times.""}}, {""@type"": ""Question"", ""name"": ""How accurate is this calculator?"", ""acceptedAnswer"": {""@type"": ""Answer"", ""text"": ""Our tool uses industry-standard formulas to ensure the highest possible accuracy.""}}, {""@type"": ""Question"", ""name"": ""Can I use this calculator on my phone?"", ""acceptedAnswer"": {""@type"": ""Answer"", ""text"": ""Yes, our calculator is fully responsive and works on all devices including smartphones, tablets, and desktop computers.""}}, {""@type"": ""Question"", ""name"": ""Who can use the Paint Coverage Gallons?"", ""acceptedAnswer"": {""@type"": ""Answer"", ""text"": ""Anyone looking for quick and accurate calculations can use this free tool.""}}]}"
https://www.smartkitnow.com/construction/wallpaper-roll-coverage,Construction,wallpaper-roll-coverage,Wallpaper Roll Coverage Calculator | DIY Project Estimato...,Calculate Wallpaper Roll Coverage needs for your project. Free construction calculator for contractors and DIYers.,"{""@context"": ""https://schema.org"", ""@type"": ""WebApplication"", ""name"": ""Wallpaper Roll Coverage"", ""description"": ""Free online Wallpaper Roll Coverage"", ""url"": ""https://www.smartkitnow.com/construction/wallpaper-roll-coverage"", ""applicationCategory"": ""ConstructionApplication"", ""operatingSystem"": ""Web"", ""browserRequirements"": ""Requires JavaScript"", ""offers"": {""@type"": ""Offer"", ""price"": ""0"", ""priceCurrency"": ""USD""}, ""aggregateRating"": {""@type"": ""AggregateRating"", ""ratingValue"": ""4.8"", ""ratingCount"": ""69""}, ""author"": {""@type"": ""Organization"", ""name"": ""SmartKitNow"", ""url"": ""https://www.smartkitnow.com""}}","{""@context"": ""https://schema.org"", ""@type"": ""FAQPage"", ""mainEntity"": [{""@type"": ""Question"", ""name"": ""How does the Wallpaper Roll Coverage work?"", ""acceptedAnswer"": {""@type"": ""Answer"", ""text"": ""Simply enter your values into the tool and click calculate to get instant results.""}}, {""@type"": ""Question"", ""name"": ""Is this Wallpaper Roll Coverage free to use?"", ""acceptedAnswer"": {""@type"": ""Answer"", ""text"": ""Yes, our Wallpaper Roll Coverage is completely free to use with no registration required. You can use it unlimited times.""}}, {""@type"": ""Question"", ""name"": ""How accurate is this calculator?"", ""acceptedAnswer"": {""@type"": ""Answer"", ""text"": ""Our tool uses industry-standard formulas to ensure the highest possible accuracy.""}}, {""@type"": ""Question"", ""name"": ""Can I use this calculator on my phone?"", ""acceptedAnswer"": {""@type"": ""Answer"", ""text"": ""Yes, our calculator is fully responsive and works on all devices including smartphones, tablets, and desktop computers.""}}, {""@type"": ""Question"", ""name"": ""Who can use the Wallpaper Roll Coverage?"", ""acceptedAnswer"": {""@type"": ""Answer"", ""text"": ""Anyone looking for quick and accurate calculations can use this free tool.""}}]}"
https://www.smartkitnow.com/construction/ceiling-tile-quantity,Construction,ceiling-tile-quantity,Ceiling Tile Quantity Calculator | DIY Project Estimator ...,Calculate Ceiling Tile Quantity needs for your project. Free construction calculator for contractors and DIYers.,"{""@context"": ""https://schema.org"", ""@type"": ""WebApplication"", ""name"": ""Ceiling Tile Quantity"", ""description"": ""Free online Ceiling Tile Quantity"", ""url"": ""https://www.smartkitnow.com/construction/ceiling-tile-quantity"", ""applicationCategory"": ""ConstructionApplication"", ""operatingSystem"": ""Web"", ""browserRequirements"": ""Requires JavaScript"", ""offers"": {""@type"": ""Offer"", ""price"": ""0"", ""priceCurrency"": ""USD""}, ""aggregateRating"": {""@type"": ""AggregateRating"", ""ratingValue"": ""4.8"", ""ratingCount"": ""63""}, ""author"": {""@type"": ""Organization"", ""name"": ""SmartKitNow"", ""url"": ""https://www.smartkitnow.com""}}","{""@context"": ""https://schema.org"", ""@type"": ""FAQPage"", ""mainEntity"": [{""@type"": ""Question"", ""name"": ""How does the Ceiling Tile Quantity work?"", ""acceptedAnswer"": {""@type"": ""Answer"", ""text"": ""Simply enter your values into the tool and click calculate to get instant results.""}}, {""@type"": ""Question"", ""name"": ""Is this Ceiling Tile Quantity free to use?"", ""acceptedAnswer"": {""@type"": ""Answer"", ""text"": ""Yes, our Ceiling Tile Quantity is completely free to use with no registration required. You can use it unlimited times.""}}, {""@type"": ""Question"", ""name"": ""How accurate is this calculator?"", ""acceptedAnswer"": {""@type"": ""Answer"", ""text"": ""Our tool uses industry-standard formulas to ensure the highest possible accuracy.""}}, {""@type"": ""Question"", ""name"": ""Can I use this calculator on my phone?"", ""acceptedAnswer"": {""@type"": ""Answer"", ""text"": ""Yes, our calculator is fully responsive and works on all devices including smartphones, tablets, and desktop computers.""}}, {""@type"": ""Question"", ""name"": ""Who can use the Ceiling Tile Quantity?"", ""acceptedAnswer"": {""@type"": ""Answer"", ""text"": ""Anyone looking for quick and accurate calculations can use this free tool.""}}]}"
https://www.smartkitnow.com/construction/plaster-volume-bag,Construction,plaster-volume-bag,Plaster Volume Bag Calculator | DIY Project Estimator 2026,Calculate Plaster Volume Bag needs for your project. Free construction calculator for contractors and DIYers.,"{""@context"": ""https://schema.org"", ""@type"": ""WebApplication"", ""name"": ""Plaster Volume Bag"", ""description"": ""Free online Plaster Volume Bag"", ""url"": ""https://www.smartkitnow.com/construction/plaster-volume-bag"", ""applicationCategory"": ""ConstructionApplication"", ""operatingSystem"": ""Web"", ""browserRequirements"": ""Requires JavaScript"", ""offers"": {""@type"": ""Offer"", ""price"": ""0"", ""priceCurrency"": ""USD""}, ""aggregateRating"": {""@type"": ""AggregateRating"", ""ratingValue"": ""4.8"", ""ratingCount"": ""54""}, ""author"": {""@type"": ""Organization"", ""name"": ""SmartKitNow"", ""url"": ""https://www.smartkitnow.com""}}","{""@context"": ""https://schema.org"", ""@type"": ""FAQPage"", ""mainEntity"": [{""@type"": ""Question"", ""name"": ""How does the Plaster Volume Bag work?"", ""acceptedAnswer"": {""@type"": ""Answer"", ""text"": ""Simply enter your values into the tool and click calculate to get instant results.""}}, {""@type"": ""Question"", ""name"": ""Is this Plaster Volume Bag free to use?"", ""acceptedAnswer"": {""@type"": ""Answer"", ""text"": ""Yes, our Plaster Volume Bag is completely free to use with no registration required. You can use it unlimited times.""}}, {""@type"": ""Question"", ""name"": ""How accurate is this calculator?"", ""acceptedAnswer"": {""@type"": ""Answer"", ""text"": ""Our tool uses industry-standard formulas to ensure the highest possible accuracy.""}}, {""@type"": ""Question"", ""name"": ""Can I use this calculator on my phone?"", ""acceptedAnswer"": {""@type"": ""Answer"", ""text"": ""Yes, our calculator is fully responsive and works on all devices including smartphones, tablets, and desktop computers.""}}, {""@type"": ""Question"", ""name"": ""Who can use the Plaster Volume Bag?"", ""acceptedAnswer"": {""@type"": ""Answer"", ""text"": ""Anyone looking for quick and accurate calculations can use this free tool.""}}]}"
https://www.smartkitnow.com/construction/acoustic-panel-area,Construction,acoustic-panel-area,Acoustic Panel Area Calculator | DIY Project Estimator 2026,Calculate Acoustic Panel Area needs for your project. Free construction calculator for contractors and DIYers.,"{""@context"": ""https://schema.org"", ""@type"": ""WebApplication"", ""name"": ""Acoustic Panel Area"", ""description"": ""Free online Acoustic Panel Area"", ""url"": ""https://www.smartkitnow.com/construction/acoustic-panel-area"", ""applicationCategory"": ""ConstructionApplication"", ""operatingSystem"": ""Web"", ""browserRequirements"": ""Requires JavaScript"", ""offers"": {""@type"": ""Offer"", ""price"": ""0"", ""priceCurrency"": ""USD""}, ""aggregateRating"": {""@type"": ""AggregateRating"", ""ratingValue"": ""4.8"", ""ratingCount"": ""57""}, ""author"": {""@type"": ""Organization"", ""name"": ""SmartKitNow"", ""url"": ""https://www.smartkitnow.com""}}","{""@context"": ""https://schema.org"", ""@type"": ""FAQPage"", ""mainEntity"": [{""@type"": ""Question"", ""name"": ""How does the Acoustic Panel Area work?"", ""acceptedAnswer"": {""@type"": ""Answer"", ""text"": ""Simply enter your values into the tool and click calculate to get instant results.""}}, {""@type"": ""Question"", ""name"": ""Is this Acoustic Panel Area free to use?"", ""acceptedAnswer"": {""@type"": ""Answer"", ""text"": ""Yes, our Acoustic Panel Area is completely free to use with no registration required. You can use it unlimited times.""}}, {""@type"": ""Question"", ""name"": ""How accurate is this calculator?"", ""acceptedAnswer"": {""@type"": ""Answer"", ""text"": ""Our tool uses industry-standard formulas to ensure the highest possible accuracy.""}}, {""@type"": ""Question"", ""name"": ""Can I use this calculator on my phone?"", ""acceptedAnswer"": {""@type"": ""Answer"", ""text"": ""Yes, our calculator is fully responsive and works on all devices including smartphones, tablets, and desktop computers.""}}, {""@type"": ""Question"", ""name"": ""Who can use the Acoustic Panel Area?"", ""acceptedAnswer"": {""@type"": ""Answer"", ""text"": ""Anyone looking for quick and accurate calculations can use this free tool.""}}]}"
https://www.smartkitnow.com/construction/joint-compound-amount,Construction,joint-compound-amount,Joint Compound Amount Calculator | DIY Project Estimator ...,Calculate Joint Compound Amount needs for your project. Free construction calculator for contractors and DIYers.,"{""@context"": ""https://schema.org"", ""@type"": ""WebApplication"", ""name"": ""Joint Compound Amount"", ""description"": ""Free online Joint Compound Amount"", ""url"": ""https://www.smartkitnow.com/construction/joint-compound-amount"", ""applicationCategory"": ""ConstructionApplication"", ""operatingSystem"": ""Web"", ""browserRequirements"": ""Requires JavaScript"", ""offers"": {""@type"": ""Offer"", ""price"": ""0"", ""priceCurrency"": ""USD""}, ""aggregateRating"": {""@type"": ""AggregateRating"", ""ratingValue"": ""4.8"", ""ratingCount"": ""63""}, ""author"": {""@type"": ""Organization"", ""name"": ""SmartKitNow"", ""url"": ""https://www.smartkitnow.com""}}","{""@context"": ""https://schema.org"", ""@type"": ""FAQPage"", ""mainEntity"": [{""@type"": ""Question"", ""name"": ""How does the Joint Compound Amount work?"", ""acceptedAnswer"": {""@type"": ""Answer"", ""text"": ""Simply enter your values into the tool and click calculate to get instant results.""}}, {""@type"": ""Question"", ""name"": ""Is this Joint Compound Amount free to use?"", ""acceptedAnswer"": {""@type"": ""Answer"", ""text"": ""Yes, our Joint Compound Amount is completely free to use with no registration required. You can use it unlimited times.""}}, {""@type"": ""Question"", ""name"": ""How accurate is this calculator?"", ""acceptedAnswer"": {""@type"": ""Answer"", ""text"": ""Our tool uses industry-standard formulas to ensure the highest possible accuracy.""}}, {""@type"": ""Question"", ""name"": ""Can I use this calculator on my phone?"", ""acceptedAnswer"": {""@type"": ""Answer"", ""text"": ""Yes, our calculator is fully responsive and works on all devices including smartphones, tablets, and desktop computers.""}}, {""@type"": ""Question"", ""name"": ""Who can use the Joint Compound Amount?"", ""acceptedAnswer"": {""@type"": ""Answer"", ""text"": ""Anyone looking for quick and accurate calculations can use this free tool.""}}]}"
https://www.smartkitnow.com/construction/plywood-calculator,Construction,plywood-calculator,Plywood Calculator Calculator | DIY Project Estimator 2026,Calculate Plywood Calculator needs for your project. Free construction calculator for contractors and DIYers.,"{""@context"": ""https://schema.org"", ""@type"": ""WebApplication"", ""name"": ""Plywood Calculator"", ""description"": ""Free online Plywood Calculator"", ""url"": ""https://www.smartkitnow.com/construction/plywood-calculator"", ""applicationCategory"": ""ConstructionApplication"", ""operatingSystem"": ""Web"", ""browserRequirements"": ""Requires JavaScript"", ""offers"": {""@type"": ""Offer"", ""price"": ""0"", ""priceCurrency"": ""USD""}, ""aggregateRating"": {""@type"": ""AggregateRating"", ""ratingValue"": ""4.8"", ""ratingCount"": ""54""}, ""author"": {""@type"": ""Organization"", ""name"": ""SmartKitNow"", ""url"": ""https://www.smartkitnow.com""}}","{""@context"": ""https://schema.org"", ""@type"": ""FAQPage"", ""mainEntity"": [{""@type"": ""Question"", ""name"": ""How does the Plywood Calculator work?"", ""acceptedAnswer"": {""@type"": ""Answer"", ""text"": ""Simply enter your values into the tool and click calculate to get instant results.""}}, {""@type"": ""Question"", ""name"": ""Is this Plywood Calculator free to use?"", ""acceptedAnswer"": {""@type"": ""Answer"", ""text"": ""Yes, our Plywood Calculator is completely free to use with no registration required. You can use it unlimited times.""}}, {""@type"": ""Question"", ""name"": ""How accurate is this calculator?"", ""acceptedAnswer"": {""@type"": ""Answer"", ""text"": ""Our tool uses industry-standard formulas to ensure the highest possible accuracy.""}}, {""@type"": ""Question"", ""name"": ""Can I use this calculator on my phone?"", ""acceptedAnswer"": {""@type"": ""Answer"", ""text"": ""Yes, our calculator is fully responsive and works on all devices including smartphones, tablets, and desktop computers.""}}, {""@type"": ""Question"", ""name"": ""Who can use the Plywood Calculator?"", ""acceptedAnswer"": {""@type"": ""Answer"", ""text"": ""Anyone looking for quick and accurate calculations can use this free tool.""}}]}"
https://www.smartkitnow.com/construction/roof-pitch-slope-angle,Construction,roof-pitch-slope-angle,Roof Pitch Slope Angle Calculator | DIY Project Estimator...,Calculate Roof Pitch Slope Angle needs for your project. Free construction calculator for contractors and DIYers.,"{""@context"": ""https://schema.org"", ""@type"": ""WebApplication"", ""name"": ""Roof Pitch Slope Angle"", ""description"": ""Free online Roof Pitch Slope Angle"", ""url"": ""https://www.smartkitnow.com/construction/roof-pitch-slope-angle"", ""applicationCategory"": ""ConstructionApplication"", ""operatingSystem"": ""Web"", ""browserRequirements"": ""Requires JavaScript"", ""offers"": {""@type"": ""Offer"", ""price"": ""0"", ""priceCurrency"": ""USD""}, ""aggregateRating"": {""@type"": ""AggregateRating"", ""ratingValue"": ""4.8"", ""ratingCount"": ""66""}, ""author"": {""@type"": ""Organization"", ""name"": ""SmartKitNow"", ""url"": ""https://www.smartkitnow.com""}}","{""@context"": ""https://schema.org"", ""@type"": ""FAQPage"", ""mainEntity"": [{""@type"": ""Question"", ""name"": ""How does the Roof Pitch Slope Angle work?"", ""acceptedAnswer"": {""@type"": ""Answer"", ""text"": ""Simply enter your values into the tool and click calculate to get instant results.""}}, {""@type"": ""Question"", ""name"": ""Is this Roof Pitch Slope Angle free to use?"", ""acceptedAnswer"": {""@type"": ""Answer"", ""text"": ""Yes, our Roof Pitch Slope Angle is completely free to use with no registration required. You can use it unlimited times.""}}, {""@type"": ""Question"", ""name"": ""How accurate is this calculator?"", ""acceptedAnswer"": {""@type"": ""Answer"", ""text"": ""Our tool uses industry-standard formulas to ensure the highest possible accuracy.""}}, {""@type"": ""Question"", ""name"": ""Can I use this calculator on my phone?"", ""acceptedAnswer"": {""@type"": ""Answer"", ""text"": ""Yes, our calculator is fully responsive and works on all devices including smartphones, tablets, and desktop computers.""}}, {""@type"": ""Question"", ""name"": ""Who can use the Roof Pitch Slope Angle?"", ""acceptedAnswer"": {""@type"": ""Answer"", ""text"": ""Anyone looking for quick and accurate calculations can use this free tool.""}}]}"
https://www.smartkitnow.com/construction/roof-shingle-bundle,Construction,roof-shingle-bundle,Roof Shingle Bundle Calculator | DIY Project Estimator 2026,Calculate Roof Shingle Bundle needs for your project. Free construction calculator for contractors and DIYers.,"{""@context"": ""https://schema.org"", ""@type"": ""WebApplication"", ""name"": ""Roof Shingle Bundle"", ""description"": ""Free online Roof Shingle Bundle"", ""url"": ""https://www.smartkitnow.com/construction/roof-shingle-bundle"", ""applicationCategory"": ""ConstructionApplication"", ""operatingSystem"": ""Web"", ""browserRequirements"": ""Requires JavaScript"", ""offers"": {""@type"": ""Offer"", ""price"": ""0"", ""priceCurrency"": ""USD""}, ""aggregateRating"": {""@type"": ""AggregateRating"", ""ratingValue"": ""4.8"", ""ratingCount"": ""57""}, ""author"": {""@type"": ""Organization"", ""name"": ""SmartKitNow"", ""url"": ""https://www.smartkitnow.com""}}","{""@context"": ""https://schema.org"", ""@type"": ""FAQPage"", ""mainEntity"": [{""@type"": ""Question"", ""name"": ""How does the Roof Shingle Bundle work?"", ""acceptedAnswer"": {""@type"": ""Answer"", ""text"": ""Simply enter your values into the tool and click calculate to get instant results.""}}, {""@type"": ""Question"", ""name"": ""Is this Roof Shingle Bundle free to use?"", ""acceptedAnswer"": {""@type"": ""Answer"", ""text"": ""Yes, our Roof Shingle Bundle is completely free to use with no registration required. You can use it unlimited times.""}}, {""@type"": ""Question"", ""name"": ""How accurate is this calculator?"", ""acceptedAnswer"": {""@type"": ""Answer"", ""text"": ""Our tool uses industry-standard formulas to ensure the highest possible accuracy.""}}, {""@type"": ""Question"", ""name"": ""Can I use this calculator on my phone?"", ""acceptedAnswer"": {""@type"": ""Answer"", ""text"": ""Yes, our calculator is fully responsive and works on all devices including smartphones, tablets, and desktop computers.""}}, {""@type"": ""Question"", ""name"": ""Who can use the Roof Shingle Bundle?"", ""acceptedAnswer"": {""@type"": ""Answer"", ""text"": ""Anyone looking for quick and accurate calculations can use this free tool.""}}]}"
https://www.smartkitnow.com/construction/metal-roof-panel-coverage,Construction,metal-roof-panel-coverage,Metal Roof Panel Coverage Calculator | DIY Project Estima...,Calculate Metal Roof Panel Coverage needs for your project. Free construction calculator for contractors and DIYers.,"{""@context"": ""https://schema.org"", ""@type"": ""WebApplication"", ""name"": ""Metal Roof Panel Coverage"", ""description"": ""Free online Metal Roof Panel Coverage"", ""url"": ""https://www.smartkitnow.com/construction/metal-roof-panel-coverage"", ""applicationCategory"": ""ConstructionApplication"", ""operatingSystem"": ""Web"", ""browserRequirements"": ""Requires JavaScript"", ""offers"": {""@type"": ""Offer"", ""price"": ""0"", ""priceCurrency"": ""USD""}, ""aggregateRating"": {""@type"": ""AggregateRating"", ""ratingValue"": ""4.8"", ""ratingCount"": ""75""}, ""author"": {""@type"": ""Organization"", ""name"": ""SmartKitNow"", ""url"": ""https://www.smartkitnow.com""}}","{""@context"": ""https://schema.org"", ""@type"": ""FAQPage"", ""mainEntity"": [{""@type"": ""Question"", ""name"": ""How does the Metal Roof Panel Coverage work?"", ""acceptedAnswer"": {""@type"": ""Answer"", ""text"": ""Simply enter your values into the tool and click calculate to get instant results.""}}, {""@type"": ""Question"", ""name"": ""Is this Metal Roof Panel Coverage free to use?"", ""acceptedAnswer"": {""@type"": ""Answer"", ""text"": ""Yes, our Metal Roof Panel Coverage is completely free to use with no registration required. You can use it unlimited times.""}}, {""@type"": ""Question"", ""name"": ""How accurate is this calculator?"", ""acceptedAnswer"": {""@type"": ""Answer"", ""text"": ""Our tool uses industry-standard formulas to ensure the highest possible accuracy.""}}, {""@type"": ""Question"", ""name"": ""Can I use this calculator on my phone?"", ""acceptedAnswer"": {""@type"": ""Answer"", ""text"": ""Yes, our calculator is fully responsive and works on all devices including smartphones, tablets, and desktop computers.""}}, {""@type"": ""Question"", ""name"": ""Who can use the Metal Roof Panel Coverage?"", ""acceptedAnswer"": {""@type"": ""Answer"", ""text"": ""Anyone looking for quick and accurate calculations can use this free tool.""}}]}"
https://www.smartkitnow.com/construction/roof-underlayment-roll,Construction,roof-underlayment-roll,Roof Underlayment Roll Calculator | DIY Project Estimator...,Calculate Roof Underlayment Roll needs for your project. Free construction calculator for contractors and DIYers.,"{""@context"": ""https://schema.org"", ""@type"": ""WebApplication"", ""name"": ""Roof Underlayment Roll"", ""description"": ""Free online Roof Underlayment Roll"", ""url"": ""https://www.smartkitnow.com/construction/roof-underlayment-roll"", ""applicationCategory"": ""ConstructionApplication"", ""operatingSystem"": ""Web"", ""browserRequirements"": ""Requires JavaScript"", ""offers"": {""@type"": ""Offer"", ""price"": ""0"", ""priceCurrency"": ""USD""}, ""aggregateRating"": {""@type"": ""AggregateRating"", ""ratingValue"": ""4.8"", ""ratingCount"": ""66""}, ""author"": {""@type"": ""Organization"", ""name"": ""SmartKitNow"", ""url"": ""https://www.smartkitnow.com""}}","{""@context"": ""https://schema.org"", ""@type"": ""FAQPage"", ""mainEntity"": [{""@type"": ""Question"", ""name"": ""How does the Roof Underlayment Roll work?"", ""acceptedAnswer"": {""@type"": ""Answer"", ""text"": ""Simply enter your values into the tool and click calculate to get instant results.""}}, {""@type"": ""Question"", ""name"": ""Is this Roof Underlayment Roll free to use?"", ""acceptedAnswer"": {""@type"": ""Answer"", ""text"": ""Yes, our Roof Underlayment Roll is completely free to use with no registration required. You can use it unlimited times.""}}, {""@type"": ""Question"", ""name"": ""How accurate is this calculator?"", ""acceptedAnswer"": {""@type"": ""Answer"", ""text"": ""Our tool uses industry-standard formulas to ensure the highest possible accuracy.""}}, {""@type"": ""Question"", ""name"": ""Can I use this calculator on my phone?"", ""acceptedAnswer"": {""@type"": ""Answer"", ""text"": ""Yes, our calculator is fully responsive and works on all devices including smartphones, tablets, and desktop computers.""}}, {""@type"": ""Question"", ""name"": ""Who can use the Roof Underlayment Roll?"", ""acceptedAnswer"": {""@type"": ""Answer"", ""text"": ""Anyone looking for quick and accurate calculations can use this free tool.""}}]}"
https://www.smartkitnow.com/construction/siding-panel-coverage,Construction,siding-panel-coverage,Siding Panel Coverage Calculator | DIY Project Estimator ...,Calculate Siding Panel Coverage needs for your project. Free construction calculator for contractors and DIYers.,"{""@context"": ""https://schema.org"", ""@type"": ""WebApplication"", ""name"": ""Siding Panel Coverage"", ""description"": ""Free online Siding Panel Coverage"", ""url"": ""https://www.smartkitnow.com/construction/siding-panel-coverage"", ""applicationCategory"": ""ConstructionApplication"", ""operatingSystem"": ""Web"", ""browserRequirements"": ""Requires JavaScript"", ""offers"": {""@type"": ""Offer"", ""price"": ""0"", ""priceCurrency"": ""USD""}, ""aggregateRating"": {""@type"": ""AggregateRating"", ""ratingValue"": ""4.8"", ""ratingCount"": ""63""}, ""author"": {""@type"": ""Organization"", ""name"": ""SmartKitNow"", ""url"": ""https://www.smartkitnow.com""}}","{""@context"": ""https://schema.org"", ""@type"": ""FAQPage"", ""mainEntity"": [{""@type"": ""Question"", ""name"": ""How does the Siding Panel Coverage work?"", ""acceptedAnswer"": {""@type"": ""Answer"", ""text"": ""Simply enter your values into the tool and click calculate to get instant results.""}}, {""@type"": ""Question"", ""name"": ""Is this Siding Panel Coverage free to use?"", ""acceptedAnswer"": {""@type"": ""Answer"", ""text"": ""Yes, our Siding Panel Coverage is completely free to use with no registration required. You can use it unlimited times.""}}, {""@type"": ""Question"", ""name"": ""How accurate is this calculator?"", ""acceptedAnswer"": {""@type"": ""Answer"", ""text"": ""Our tool uses industry-standard formulas to ensure the highest possible accuracy.""}}, {""@type"": ""Question"", ""name"": ""Can I use this calculator on my phone?"", ""acceptedAnswer"": {""@type"": ""Answer"", ""text"": ""Yes, our calculator is fully responsive and works on all devices including smartphones, tablets, and desktop computers.""}}, {""@type"": ""Question"", ""name"": ""Who can use the Siding Panel Coverage?"", ""acceptedAnswer"": {""@type"": ""Answer"", ""text"": ""Anyone looking for quick and accurate calculations can use this free tool.""}}]}"
https://www.smartkitnow.com/construction/gutter-size,Construction,gutter-size,Gutter Size Calculator | DIY Project Estimator 2026,Calculate Gutter Size needs for your project. Free construction calculator for contractors and DIYers.,"{""@context"": ""https://schema.org"", ""@type"": ""WebApplication"", ""name"": ""Gutter Size"", ""description"": ""Free online Gutter Size"", ""url"": ""https://www.smartkitnow.com/construction/gutter-size"", ""applicationCategory"": ""ConstructionApplication"", ""operatingSystem"": ""Web"", ""browserRequirements"": ""Requires JavaScript"", ""offers"": {""@type"": ""Offer"", ""price"": ""0"", ""priceCurrency"": ""USD""}, ""aggregateRating"": {""@type"": ""AggregateRating"", ""ratingValue"": ""4.8"", ""ratingCount"": ""33""}, ""author"": {""@type"": ""Organization"", ""name"": ""SmartKitNow"", ""url"": ""https://www.smartkitnow.com""}}","{""@context"": ""https://schema.org"", ""@type"": ""FAQPage"", ""mainEntity"": [{""@type"": ""Question"", ""name"": ""How does the Gutter Size work?"", ""acceptedAnswer"": {""@type"": ""Answer"", ""text"": ""Simply enter your values into the tool and click calculate to get instant results.""}}, {""@type"": ""Question"", ""name"": ""Is this Gutter Size free to use?"", ""acceptedAnswer"": {""@type"": ""Answer"", ""text"": ""Yes, our Gutter Size is completely free to use with no registration required. You can use it unlimited times.""}}, {""@type"": ""Question"", ""name"": ""How accurate is this calculator?"", ""acceptedAnswer"": {""@type"": ""Answer"", ""text"": ""Our tool uses industry-standard formulas to ensure the highest possible accuracy.""}}, {""@type"": ""Question"", ""name"": ""Can I use this calculator on my phone?"", ""acceptedAnswer"": {""@type"": ""Answer"", ""text"": ""Yes, our calculator is fully responsive and works on all devices including smartphones, tablets, and desktop computers.""}}, {""@type"": ""Question"", ""name"": ""Who can use the Gutter Size?"", ""acceptedAnswer"": {""@type"": ""Answer"", ""text"": ""Anyone looking for quick and accurate calculations can use this free tool.""}}]}"
https://www.smartkitnow.com/construction/hip-roof-calculator,Construction,hip-roof-calculator,Hip Roof Calculator Calculator | DIY Project Estimator 2026,Calculate Hip Roof Calculator needs for your project. Free construction calculator for contractors and DIYers.,"{""@context"": ""https://schema.org"", ""@type"": ""WebApplication"", ""name"": ""Hip Roof Calculator"", ""description"": ""Free online Hip Roof Calculator"", ""url"": ""https://www.smartkitnow.com/construction/hip-roof-calculator"", ""applicationCategory"": ""ConstructionApplication"", ""operatingSystem"": ""Web"", ""browserRequirements"": ""Requires JavaScript"", ""offers"": {""@type"": ""Offer"", ""price"": ""0"", ""priceCurrency"": ""USD""}, ""aggregateRating"": {""@type"": ""AggregateRating"", ""ratingValue"": ""4.8"", ""ratingCount"": ""57""}, ""author"": {""@type"": ""Organization"", ""name"": ""SmartKitNow"", ""url"": ""https://www.smartkitnow.com""}}","{""@context"": ""https://schema.org"", ""@type"": ""FAQPage"", ""mainEntity"": [{""@type"": ""Question"", ""name"": ""How does the Hip Roof Calculator work?"", ""acceptedAnswer"": {""@type"": ""Answer"", ""text"": ""Simply enter your values into the tool and click calculate to get instant results.""}}, {""@type"": ""Question"", ""name"": ""Is this Hip Roof Calculator free to use?"", ""acceptedAnswer"": {""@type"": ""Answer"", ""text"": ""Yes, our Hip Roof Calculator is completely free to use with no registration required. You can use it unlimited times.""}}, {""@type"": ""Question"", ""name"": ""How accurate is this calculator?"", ""acceptedAnswer"": {""@type"": ""Answer"", ""text"": ""Our tool uses industry-standard formulas to ensure the highest possible accuracy.""}}, {""@type"": ""Question"", ""name"": ""Can I use this calculator on my phone?"", ""acceptedAnswer"": {""@type"": ""Answer"", ""text"": ""Yes, our calculator is fully responsive and works on all devices including smartphones, tablets, and desktop computers.""}}, {""@type"": ""Question"", ""name"": ""Who can use the Hip Roof Calculator?"", ""acceptedAnswer"": {""@type"": ""Answer"", ""text"": ""Anyone looking for quick and accurate calculations can use this free tool.""}}]}"
https://www.smartkitnow.com/construction/gable-roof-calculator,Construction,gable-roof-calculator,Gable Roof Calculator Calculator | DIY Project Estimator ...,Calculate Gable Roof Calculator needs for your project. Free construction calculator for contractors and DIYers.,"{""@context"": ""https://schema.org"", ""@type"": ""WebApplication"", ""name"": ""Gable Roof Calculator"", ""description"": ""Free online Gable Roof Calculator"", ""url"": ""https://www.smartkitnow.com/construction/gable-roof-calculator"", ""applicationCategory"": ""ConstructionApplication"", ""operatingSystem"": ""Web"", ""browserRequirements"": ""Requires JavaScript"", ""offers"": {""@type"": ""Offer"", ""price"": ""0"", ""priceCurrency"": ""USD""}, ""aggregateRating"": {""@type"": ""AggregateRating"", ""ratingValue"": ""4.8"", ""ratingCount"": ""63""}, ""author"": {""@type"": ""Organization"", ""name"": ""SmartKitNow"", ""url"": ""https://www.smartkitnow.com""}}","{""@context"": ""https://schema.org"", ""@type"": ""FAQPage"", ""mainEntity"": [{""@type"": ""Question"", ""name"": ""How does the Gable Roof Calculator work?"", ""acceptedAnswer"": {""@type"": ""Answer"", ""text"": ""Simply enter your values into the tool and click calculate to get instant results.""}}, {""@type"": ""Question"", ""name"": ""Is this Gable Roof Calculator free to use?"", ""acceptedAnswer"": {""@type"": ""Answer"", ""text"": ""Yes, our Gable Roof Calculator is completely free to use with no registration required. You can use it unlimited times.""}}, {""@type"": ""Question"", ""name"": ""How accurate is this calculator?"", ""acceptedAnswer"": {""@type"": ""Answer"", ""text"": ""Our tool uses industry-standard formulas to ensure the highest possible accuracy.""}}, {""@type"": ""Question"", ""name"": ""Can I use this calculator on my phone?"", ""acceptedAnswer"": {""@type"": ""Answer"", ""text"": ""Yes, our calculator is fully responsive and works on all devices including smartphones, tablets, and desktop computers.""}}, {""@type"": ""Question"", ""name"": ""Who can use the Gable Roof Calculator?"", ""acceptedAnswer"": {""@type"": ""Answer"", ""text"": ""Anyone looking for quick and accurate calculations can use this free tool.""}}]}"
https://www.smartkitnow.com/construction/excavation-calculator,Construction,excavation-calculator,Excavation Calculator Calculator | DIY Project Estimator ...,Calculate Excavation Calculator needs for your project. Free construction calculator for contractors and DIYers.,"{""@context"": ""https://schema.org"", ""@type"": ""WebApplication"", ""name"": ""Excavation Calculator"", ""description"": ""Free online Excavation Calculator"", ""url"": ""https://www.smartkitnow.com/construction/excavation-calculator"", ""applicationCategory"": ""ConstructionApplication"", ""operatingSystem"": ""Web"", ""browserRequirements"": ""Requires JavaScript"", ""offers"": {""@type"": ""Offer"", ""price"": ""0"", ""priceCurrency"": ""USD""}, ""aggregateRating"": {""@type"": ""AggregateRating"", ""ratingValue"": ""4.8"", ""ratingCount"": ""63""}, ""author"": {""@type"": ""Organization"", ""name"": ""SmartKitNow"", ""url"": ""https://www.smartkitnow.com""}}","{""@context"": ""https://schema.org"", ""@type"": ""FAQPage"", ""mainEntity"": [{""@type"": ""Question"", ""name"": ""How does the Excavation Calculator work?"", ""acceptedAnswer"": {""@type"": ""Answer"", ""text"": ""Simply enter your values into the tool and click calculate to get instant results.""}}, {""@type"": ""Question"", ""name"": ""Is this Excavation Calculator free to use?"", ""acceptedAnswer"": {""@type"": ""Answer"", ""text"": ""Yes, our Excavation Calculator is completely free to use with no registration required. You can use it unlimited times.""}}, {""@type"": ""Question"", ""name"": ""How accurate is this calculator?"", ""acceptedAnswer"": {""@type"": ""Answer"", ""text"": ""Our tool uses industry-standard formulas to ensure the highest possible accuracy.""}}, {""@type"": ""Question"", ""name"": ""Can I use this calculator on my phone?"", ""acceptedAnswer"": {""@type"": ""Answer"", ""text"": ""Yes, our calculator is fully responsive and works on all devices including smartphones, tablets, and desktop computers.""}}, {""@type"": ""Question"", ""name"": ""Who can use the Excavation Calculator?"", ""acceptedAnswer"": {""@type"": ""Answer"", ""text"": ""Anyone looking for quick and accurate calculations can use this free tool.""}}]}"
https://www.smartkitnow.com/construction/insulation-r-value-requirement,Construction,insulation-r-value-requirement,Insulation R Value Requirement Calculator | DIY Project E...,Calculate Insulation R Value Requirement needs for your project. Free construction calculator for contractors and DIYers.,"{""@context"": ""https://schema.org"", ""@type"": ""WebApplication"", ""name"": ""Insulation R Value Requirement"", ""description"": ""Free online Insulation R Value Requirement"", ""url"": ""https://www.smartkitnow.com/construction/insulation-r-value-requirement"", ""applicationCategory"": ""ConstructionApplication"", ""operatingSystem"": ""Web"", ""browserRequirements"": ""Requires JavaScript"", ""offers"": {""@type"": ""Offer"", ""price"": ""0"", ""priceCurrency"": ""USD""}, ""aggregateRating"": {""@type"": ""AggregateRating"", ""ratingValue"": ""4.8"", ""ratingCount"": ""90""}, ""author"": {""@type"": ""Organization"", ""name"": ""SmartKitNow"", ""url"": ""https://www.smartkitnow.com""}}","{""@context"": ""https://schema.org"", ""@type"": ""FAQPage"", ""mainEntity"": [{""@type"": ""Question"", ""name"": ""How does the Insulation R Value Requirement work?"", ""acceptedAnswer"": {""@type"": ""Answer"", ""text"": ""Simply enter your values into the tool and click calculate to get instant results.""}}, {""@type"": ""Question"", ""name"": ""Is this Insulation R Value Requirement free to use?"", ""acceptedAnswer"": {""@type"": ""Answer"", ""text"": ""Yes, our Insulation R Value Requirement is completely free to use with no registration required. You can use it unlimited times.""}}, {""@type"": ""Question"", ""name"": ""How accurate is this calculator?"", ""acceptedAnswer"": {""@type"": ""Answer"", ""text"": ""Our tool uses industry-standard formulas to ensure the highest possible accuracy.""}}, {""@type"": ""Question"", ""name"": ""Can I use this calculator on my phone?"", ""acceptedAnswer"": {""@type"": ""Answer"", ""text"": ""Yes, our calculator is fully responsive and works on all devices including smartphones, tablets, and desktop computers.""}}, {""@type"": ""Question"", ""name"": ""Who can use the Insulation R Value Requirement?"", ""acceptedAnswer"": {""@type"": ""Answer"", ""text"": ""Anyone looking for quick and accurate calculations can use this free tool.""}}]}"
https://www.smartkitnow.com/construction/hvac-btu-requirement,Construction,hvac-btu-requirement,Hvac Btu Requirement Calculator | DIY Project Estimator 2026,Calculate Hvac Btu Requirement needs for your project. Free construction calculator for contractors and DIYers.,"{""@context"": ""https://schema.org"", ""@type"": ""WebApplication"", ""name"": ""Hvac Btu Requirement"", ""description"": ""Free online Hvac Btu Requirement"", ""url"": ""https://www.smartkitnow.com/construction/hvac-btu-requirement"", ""applicationCategory"": ""ConstructionApplication"", ""operatingSystem"": ""Web"", ""browserRequirements"": ""Requires JavaScript"", ""offers"": {""@type"": ""Offer"", ""price"": ""0"", ""priceCurrency"": ""USD""}, ""aggregateRating"": {""@type"": ""AggregateRating"", ""ratingValue"": ""4.8"", ""ratingCount"": ""60""}, ""author"": {""@type"": ""Organization"", ""name"": ""SmartKitNow"", ""url"": ""https://www.smartkitnow.com""}}","{""@context"": ""https://schema.org"", ""@type"": ""FAQPage"", ""mainEntity"": [{""@type"": ""Question"", ""name"": ""How does the Hvac Btu Requirement work?"", ""acceptedAnswer"": {""@type"": ""Answer"", ""text"": ""Simply enter your values into the tool and click calculate to get instant results.""}}, {""@type"": ""Question"", ""name"": ""Is this Hvac Btu Requirement free to use?"", ""acceptedAnswer"": {""@type"": ""Answer"", ""text"": ""Yes, our Hvac Btu Requirement is completely free to use with no registration required. You can use it unlimited times.""}}, {""@type"": ""Question"", ""name"": ""How accurate is this calculator?"", ""acceptedAnswer"": {""@type"": ""Answer"", ""text"": ""Our tool uses industry-standard formulas to ensure the highest possible accuracy.""}}, {""@type"": ""Question"", ""name"": ""Can I use this calculator on my phone?"", ""acceptedAnswer"": {""@type"": ""Answer"", ""text"": ""Yes, our calculator is fully responsive and works on all devices including smartphones, tablets, and desktop computers.""}}, {""@type"": ""Question"", ""name"": ""Who can use the Hvac Btu Requirement?"", ""acceptedAnswer"": {""@type"": ""Answer"", ""text"": ""Anyone looking for quick and accurate calculations can use this free tool.""}}]}"
https://www.smartkitnow.com/construction/duct-size-airflow,Construction,duct-size-airflow,Duct Size Airflow Calculator | DIY Project Estimator 2026,Calculate Duct Size Airflow needs for your project. Free construction calculator for contractors and DIYers.,"{""@context"": ""https://schema.org"", ""@type"": ""WebApplication"", ""name"": ""Duct Size Airflow"", ""description"": ""Free online Duct Size Airflow"", ""url"": ""https://www.smartkitnow.com/construction/duct-size-airflow"", ""applicationCategory"": ""ConstructionApplication"", ""operatingSystem"": ""Web"", ""browserRequirements"": ""Requires JavaScript"", ""offers"": {""@type"": ""Offer"", ""price"": ""0"", ""priceCurrency"": ""USD""}, ""aggregateRating"": {""@type"": ""AggregateRating"", ""ratingValue"": ""4.8"", ""ratingCount"": ""51""}, ""author"": {""@type"": ""Organization"", ""name"": ""SmartKitNow"", ""url"": ""https://www.smartkitnow.com""}}","{""@context"": ""https://schema.org"", ""@type"": ""FAQPage"", ""mainEntity"": [{""@type"": ""Question"", ""name"": ""How does the Duct Size Airflow work?"", ""acceptedAnswer"": {""@type"": ""Answer"", ""text"": ""Simply enter your values into the tool and click calculate to get instant results.""}}, {""@type"": ""Question"", ""name"": ""Is this Duct Size Airflow free to use?"", ""acceptedAnswer"": {""@type"": ""Answer"", ""text"": ""Yes, our Duct Size Airflow is completely free to use with no registration required. You can use it unlimited times.""}}, {""@type"": ""Question"", ""name"": ""How accurate is this calculator?"", ""acceptedAnswer"": {""@type"": ""Answer"", ""text"": ""Our tool uses industry-standard formulas to ensure the highest possible accuracy.""}}, {""@type"": ""Question"", ""name"": ""Can I use this calculator on my phone?"", ""acceptedAnswer"": {""@type"": ""Answer"", ""text"": ""Yes, our calculator is fully responsive and works on all devices including smartphones, tablets, and desktop computers.""}}, {""@type"": ""Question"", ""name"": ""Who can use the Duct Size Airflow?"", ""acceptedAnswer"": {""@type"": ""Answer"", ""text"": ""Anyone looking for quick and accurate calculations can use this free tool.""}}]}"
https://www.smartkitnow.com/construction/heating-cost-per-square-foot,Construction,heating-cost-per-square-foot,Heating Cost Per Square Foot Calculator | DIY Project Est...,Calculate Heating Cost Per Square Foot needs for your project. Free construction calculator for contractors and DIYers.,"{""@context"": ""https://schema.org"", ""@type"": ""WebApplication"", ""name"": ""Heating Cost Per Square Foot"", ""description"": ""Free online Heating Cost Per Square Foot"", ""url"": ""https://www.smartkitnow.com/construction/heating-cost-per-square-foot"", ""applicationCategory"": ""ConstructionApplication"", ""operatingSystem"": ""Web"", ""browserRequirements"": ""Requires JavaScript"", ""offers"": {""@type"": ""Offer"", ""price"": ""0"", ""priceCurrency"": ""USD""}, ""aggregateRating"": {""@type"": ""AggregateRating"", ""ratingValue"": ""4.8"", ""ratingCount"": ""84""}, ""author"": {""@type"": ""Organization"", ""name"": ""SmartKitNow"", ""url"": ""https://www.smartkitnow.com""}}","{""@context"": ""https://schema.org"", ""@type"": ""FAQPage"", ""mainEntity"": [{""@type"": ""Question"", ""name"": ""How does the Heating Cost Per Square Foot work?"", ""acceptedAnswer"": {""@type"": ""Answer"", ""text"": ""Simply enter your values into the tool and click calculate to get instant results.""}}, {""@type"": ""Question"", ""name"": ""Is this Heating Cost Per Square Foot free to use?"", ""acceptedAnswer"": {""@type"": ""Answer"", ""text"": ""Yes, our Heating Cost Per Square Foot is completely free to use with no registration required. You can use it unlimited times.""}}, {""@type"": ""Question"", ""name"": ""How accurate is this calculator?"", ""acceptedAnswer"": {""@type"": ""Answer"", ""text"": ""Our tool uses industry-standard formulas to ensure the highest possible accuracy.""}}, {""@type"": ""Question"", ""name"": ""Can I use this calculator on my phone?"", ""acceptedAnswer"": {""@type"": ""Answer"", ""text"": ""Yes, our calculator is fully responsive and works on all devices including smartphones, tablets, and desktop computers.""}}, {""@type"": ""Question"", ""name"": ""Who can use the Heating Cost Per Square Foot?"", ""acceptedAnswer"": {""@type"": ""Answer"", ""text"": ""Anyone looking for quick and accurate calculations can use this free tool.""}}]}"
https://www.smartkitnow.com/construction/energy-efficiency-savings,Construction,energy-efficiency-savings,Energy Efficiency Savings Calculator | DIY Project Estima...,Calculate Energy Efficiency Savings needs for your project. Free construction calculator for contractors and DIYers.,"{""@context"": ""https://schema.org"", ""@type"": ""WebApplication"", ""name"": ""Energy Efficiency Savings"", ""description"": ""Free online Energy Efficiency Savings"", ""url"": ""https://www.smartkitnow.com/construction/energy-efficiency-savings"", ""applicationCategory"": ""ConstructionApplication"", ""operatingSystem"": ""Web"", ""browserRequirements"": ""Requires JavaScript"", ""offers"": {""@type"": ""Offer"", ""price"": ""0"", ""priceCurrency"": ""USD""}, ""aggregateRating"": {""@type"": ""AggregateRating"", ""ratingValue"": ""4.8"", ""ratingCount"": ""75""}, ""author"": {""@type"": ""Organization"", ""name"": ""SmartKitNow"", ""url"": ""https://www.smartkitnow.com""}}","{""@context"": ""https://schema.org"", ""@type"": ""FAQPage"", ""mainEntity"": [{""@type"": ""Question"", ""name"": ""How does the Energy Efficiency Savings work?"", ""acceptedAnswer"": {""@type"": ""Answer"", ""text"": ""Simply enter your values into the tool and click calculate to get instant results.""}}, {""@type"": ""Question"", ""name"": ""Is this Energy Efficiency Savings free to use?"", ""acceptedAnswer"": {""@type"": ""Answer"", ""text"": ""Yes, our Energy Efficiency Savings is completely free to use with no registration required. You can use it unlimited times.""}}, {""@type"": ""Question"", ""name"": ""How accurate is this calculator?"", ""acceptedAnswer"": {""@type"": ""Answer"", ""text"": ""Our tool uses industry-standard formulas to ensure the highest possible accuracy.""}}, {""@type"": ""Question"", ""name"": ""Can I use this calculator on my phone?"", ""acceptedAnswer"": {""@type"": ""Answer"", ""text"": ""Yes, our calculator is fully responsive and works on all devices including smartphones, tablets, and desktop computers.""}}, {""@type"": ""Question"", ""name"": ""Who can use the Energy Efficiency Savings?"", ""acceptedAnswer"": {""@type"": ""Answer"", ""text"": ""Anyone looking for quick and accurate calculations can use this free tool.""}}]}"
https://www.smartkitnow.com/construction/cfm-calculator,Construction,cfm-calculator,Cfm Calculator Calculator | DIY Project Estimator 2026,Calculate Cfm Calculator needs for your project. Free construction calculator for contractors and DIYers.,"{""@context"": ""https://schema.org"", ""@type"": ""WebApplication"", ""name"": ""Cfm Calculator"", ""description"": ""Free online Cfm Calculator"", ""url"": ""https://www.smartkitnow.com/construction/cfm-calculator"", ""applicationCategory"": ""ConstructionApplication"", ""operatingSystem"": ""Web"", ""browserRequirements"": ""Requires JavaScript"", ""offers"": {""@type"": ""Offer"", ""price"": ""0"", ""priceCurrency"": ""USD""}, ""aggregateRating"": {""@type"": ""AggregateRating"", ""ratingValue"": ""4.8"", ""ratingCount"": ""42""}, ""author"": {""@type"": ""Organization"", ""name"": ""SmartKitNow"", ""url"": ""https://www.smartkitnow.com""}}","{""@context"": ""https://schema.org"", ""@type"": ""FAQPage"", ""mainEntity"": [{""@type"": ""Question"", ""name"": ""How does the Cfm Calculator work?"", ""acceptedAnswer"": {""@type"": ""Answer"", ""text"": ""Simply enter your values into the tool and click calculate to get instant results.""}}, {""@type"": ""Question"", ""name"": ""Is this Cfm Calculator free to use?"", ""acceptedAnswer"": {""@type"": ""Answer"", ""text"": ""Yes, our Cfm Calculator is completely free to use with no registration required. You can use it unlimited times.""}}, {""@type"": ""Question"", ""name"": ""How accurate is this calculator?"", ""acceptedAnswer"": {""@type"": ""Answer"", ""text"": ""Our tool uses industry-standard formulas to ensure the highest possible accuracy.""}}, {""@type"": ""Question"", ""name"": ""Can I use this calculator on my phone?"", ""acceptedAnswer"": {""@type"": ""Answer"", ""text"": ""Yes, our calculator is fully responsive and works on all devices including smartphones, tablets, and desktop computers.""}}, {""@type"": ""Question"", ""name"": ""Who can use the Cfm Calculator?"", ""acceptedAnswer"": {""@type"": ""Answer"", ""text"": ""Anyone looking for quick and accurate calculations can use this free tool.""}}]}"
